Prefixes,Suffixes,Compounds,Compounds split in 2,Familiar Words (DaleChall),
a-,-a,affereffect,after-effect,A,
ab-,-a-palooza,afternoon,after-noon,A.M.,
abdomin-,-ab,afterthought,after-thought,America,
abdomino-,-ability,airbag,air-bag,American,
abio-,-able,aircraft,air-craft,April,
abs-,-ably,airline,air-line,August,
ac-,-aboo,airplane,air-plane,B,
acanth-,-ac,airport,air-port,C,
acantho-,-acal,airtight,air-tight,Christmas,
acar-,-aceous,angelfish,angel-fish,Creep,
acaro-,-acious,another,an-other,D,
accelero-,-acity,anybody,any-body,D.C.,
acet-,-acy,anyhow,any-how,Dad,
aceto-,-ad,anymore,any-more,December,
acousto-,-ade,anyone,any-one,Easter,
acr-,-adelic,anyplace,any-place,Eskimo,
acro-,-adenia,anything,any-thing,F,
acromio-,-adic,anytime,any-time,February,
actin-,-adol,anyway,any-way,Friday,
actino-,-ae,anywhere,any-where,G,
acu-,-�,applesauce,apple-sauce,George Washington,
ad-,-aemia,armchair,arm-chair,God,
aden-,-�mia,armhole,arm-hole,Halloween,
adeno-,-afil,armpit,arm-pit,I,
adip-,-age,arrowhead,arrow-head,I'd,
adipo-,-ageddon,artwork,art-work,I'll,
adreno-,-agog,awestruck,awe-struck,I'm,
aedoe-,-agogue,backache,back-ache,I've,
�gypto-,-agogy,backbone,back-bone,Indian,
aeluro-,-aholic,backdrop,back-drop,It,
aeolo-,-aire,background,back-ground,It'll,
�qui-,-al,backhand,back-hand,It's,
aer-,-algia,backhoe,back-hoe,Its,
a�r-,-algy,backlog,back-log,J,
aero-,-ality,backpack,back-pack,January,
a�ro-,-all,backspace,back-space,July,
aesthesio-,-ally,backstab,back-stab,June,
aetio-,-alol,backstabbing,back-stabbing,K,
afore-,-ambulist,backstroke,back-stroke,L,
Afro-,-amic,backwater,back-water,Lincoln,
aft-,-amidine,backwoods,back-woods,London,
after-,-amine,backyard,back-yard,M,
again-,-amivir,badlands,bad-lands,Monday,
agri-,-amundo,bagpipe,bagpipe,Mr.,
agro-,-an,ballplayer,ball-player,Mrs.,
ailur-,-ana,bantamweight,bantam-weight,N,
ailuro-,-ance,barcode,bar-code,November,
akro-,-ancy,barefoot,bare-foot,O.K.,
al-,-and,barnstorm,barn-storm,October,
Albano-,-ander,barnyard,barn-yard,P,
albo-,-andrian,baseball,base-ball,P.M.,
alco-,-androus,basketball,basket-ball,Pa,
alder-,-andry,bathmat,bath-mat,R,
aleuro-,-ane,bathrobe,bath-robe,S,
algo-,-aneous,bathroom,bath-room,Saturday,
ali-,-angle,bathtub,bath-tub,September,
alk-,-angular,bathwater,bath-water,Sir,
all-,-anine,battlecry,battle-cry,Sis,
allant-,-ant,battlecruiser,battle-cruiser,So,
allanto-,-anth,battlefield,battle-field,Sunday,
allo-,-anthropy,battleship,battle-ship,T,
alt-,-apalooza,beachcomb,beach-comb,TV,
alt.,-apine,beachcomber,beach-comber,Thanksgiving,
alter-,-ar,beancurd,bean-curd,Thursday,
alto-,-arabine,become,be-come,Tuesday,
aluminio-,-arch,bedrock,bed-rock,U,
alumino-,-archy,bedroom,bed-room,U.S.,
alveol-,-ard,bedspread,bed-spread,U.S.A.,
alveolo-,-arian,bedspring,bed-spring,V,
ambi-,-arium,bedtime,bed-time,Valentine,
ameb-,-arol,beehive,bee-hive,W,
amebo-,-arone,beekeeper,bee-keeper,Washington,
amelo-,-aroo,beekeeping,bee-keeping,Wednesday,
Americo-,-aroonie,beeswax,bee-swax,X,
Amero-,-arotene,beforehand,before-hand,Xmas,
amino-,-ary,bellflower,bell-flower,Y,
ammo-,-ase,bellhop,bell-hop,Z,
ammonio-,-asone,bellyache,belly-ache,able,
amnio-,-ass,benchmark,bench-mark,aboard,
amoeb-,-ast,billboard,bill-board,about,
am�b-,-aster,birthday,birth-day,above,
amoebo-,-astic,birthplace,birth-place,absent,
am�bo-,-asvir,birthrate,birth-rate,ac,
ampelo-,-ata,birthright,birth-right,accept,
amphi-,-ate,bitterroot,bit-terroot,accident,
ampho-,-ated,bittersweet,bit-ter-sweet,account,
amygdal-,-athlon,blackberry,black-berry,ace,
amygdalo-,-a-thon,blackbird,black-bird,ache,
amyl-,-athon,blackboard,black-board,acid,
amylo-,-atic,blacklist,black-list,acorn,
an-,-atim,blackout,black-out,across,
ana-,-ation,blacksmith,black-smith,action,
anarcha-,-ative,blockbuster,block-buster,add,
anarcho-,-ator,blowout,blow-out,addition,
anatomico-,-atory,blowup,blow-up,address,
anatomo-,-ay,bluebell,blue-bell,adjust,
andr-,-azam,blueberry,blue-berry,adjustment,
andro-,-azenil,bluebird,blue-bird,admire,
anemo-,-azepam,bluebonnet,blue-bonnet,admission,
angi-,-azepate,bobcat,bob-cat,adore,
angio-,-azocine,bobtail,bob-tail,adult,
Anglo-,-azodone,bodyguard,body-guard,adventure,
anglo-,-azolam,bookbinder,book-binder,advice,
anhydro-,-azosin,bookbinding,book-binding,afraid,
aniso-,-bactam,bookcase,book-case,after,
ankyl-,-bait,bookkeeper,book-keeper,afternoon,
ankylo-,-bamate,bookmark,book-mark,afterward,
annulo-,-berg,bookmobile,book-mobile,afterwards,
ano-,-betasol,bookshelf,book-shelf,again,
ant-,-bie,bookstore,book-store,against,
ante-,-bility,bookworm,book-worm,age,
anteiso-,-biont,bowleg,bow-leg,ago,
anterio-,-biosis,boxcar,box-car,agree,
antero-,-biotic,brainstorm,brain-storm,ah,
antho-,-bital,brainwash,brain-wash,ahead,
anthra-,-blast,breadbasket,bread-basket,aid,
anthrac-,-blastic,breadbox,bread-box,aim,
anthraco-,-blr,breadcrumb,bread-crumb,air,
anthro-,-boo,breadfruit,bread-fruit,airline,
anthrop-,-boro,breadknife,bread-knife,airplane,
anthropo-,-borough,breadstick,bread-stick,airport,
anti-,-bot,breakdancing,break-dancing,airy,
antiprismo-,-bound,breakdown,break-down,alarm,
anxio-,-bradine,breakfast,break-fast,album,
aort-,-burg,breakfront,break-front,alike,
aortico-,-burger,breakneck,break-neck,alive,
aorto-,-burgh,breakout,break-out,all,
apeiro-,-bury,breakthrough,break-through,alley,
apic-,-buterol,breakup,break-up,alligator,
apico-,-buvir,breakwater,break-water,allright,
aplo-,-by,breastbone,breast-bone,almost,
apo-,-cade,breaststroke,breast-stroke,alone,
appendic-,-caine,bridegroom,bride-groom,along,
appendico-,-capone,briefcase,brief-case,alongside,
apr�s-,-cardia,bringdown,bring-down,aloud,
aqua-,-care,browbeat,brow-beat,alphabet,
aque-,-carnil,bucktoothed,buck-toothed,already,
ar-,-carp,bulkhead,bulk-head,also,
Arabo-,-carpic,bulldog,bull-dog,always,
arachn-,-carpous,bulldozer,bull-dozer,am,
arachno-,-cast,bullfrog,bull-frog,amaze,
arc-,-cavir,businessman,busi-ness-man,amazement,
Arcado-,-cc,businesswoman,busi-ness-woman,among,
arch-,-ce,buttercup,butter-cup,amount,
archae-,-cel,butterfingers,butter-fingers,an,
arch�-,-cele,butterfly,butter-fly,and,
archaeo-,-cene,buttermilk,butter-milk,angel,
arch�o-,-centesis,buttonhole,button-hole,anger,
archaio-,-centric,bygone,by-gone,angry,
archeo-,-centrism,bypass,by-pass,animal,
archi-,-cephalic,callback,call-back,ankle,
archo-,-cephalous,campfire,camp-fire,announce,
Arcto-,-cephaly,candlestick,candle-stick,announcement,
areno-,-ception,candytuft,candy-tuft,another,
areo-,-cest,cannot,can-not,answer,
argento-,-chan,cardboard,card-board,ant,
argyr-,-chezia,carefree,care-free,any,
argyro-,-chore,careless,care-less,anybody,
aristo-,-choron,caretaker,care-taker,anyhow,
arithmo-,-chorous,carpool,car-pool,anyone,
Armen-,-chory,carport,car-port,anything,
Armeno-,-chrome,cartwheel,cart-wheel,anyway,
arseno-,-ciclovir,catfish,cat-fish,anywhere,
arte-,-cidal,catnap,cat-nap,apart,
arteri-,-cide,catnip,cat-nip,apartment,
arterio-,-cillin,chairman,chair-man,ape,
arteriolo-,-cin,chairperson,chair-person,apiece,
arthr-,-citabine,chairwoman,chair-woman,appear,
arthro-,-clase,cheapskate,cheap-skate,applause,
as-,-clast,checkerboard,checker-board,apple,
ascar-,-clidine,checkmate,check-mate,apron,
aspergill-,-clidinium,checkroom,check-room,are,
aspergillo-,-clinal,checkup,check-up,area,
aster-,-cline,chestnut,chest-nut,aren't,
astheno-,-clinic,chickpea,chick-pea,arise,
astragalo-,-clofenac,childbearing,child-bearing,arithmetic,
astro-,-cocci,childbirth,child-birth,arm,
at-,-coccus,childcare,child-care,army,
atel-,-coel,childfree,child-free,around,
atelo-,-coele,childless,child-less,arrange,
ather-,-cole,childlike,child-like,arrest,
athero-,-colous,childproof,child-proof,arrive,
atlant-,-con,chopstick,chop-stick,arrow,
atlanto-,-conazole,classmate,class-mate,arrowhead,
atlo-,-copter,classroom,class-room,art,
atrio-,-core,classwork,class-work,artist,
atrop-,-corn,clockwise,clock-wise,as,
atropo-,-cort,clockwork,clock-work,ash,
atto-,-coxib,clotheshorse,clothes-horse,aside,
audio-,-cracy,clothesline,clothes-line,ask,
aur-,-craft,clothespin,clothes-pin,asleep,
auri-,-crasy,coastline,coast-line,astronaut,
auriculo-,-crat,cobweb,cob-web,at,
auro-,-cratic,coldhearted,cold-hearted,ate,
Australo-,-crete,cookbook,cook-book,atlas,
Austro-,-crine,cookout,cook-out,attack,
aut-,-cross,cooktop,cook-top,attend,
auto-,-crypt,cookware,cook-ware,attention,
auxo-,-cule,copycat,copy-cat,aunt,
avi-,-curium,copyright,copy-right,author,
axi-,-curonium,copywriter,copy-writer,auto,
axo-,-cy,corkscrew,cork-screw,automobile,
az-,-cycline,cornbread,corn-bread,autumn,
aza-,-cyte,corncob,corn-cob,avenue,
Azero-,-'d,cornfield,corn-field,awake,
azido-,-d,cornflower,corn-flower,awaken,
azo-,-dactyl,cornmeal,corn-meal,award,
bacillo-,-dan,cornstalk,corn-stalk,away,
back-,-dar,cottonmouth,cotton-mouth,awful,
bacter-,-dazole,countdown,count-down,awhile,
bacteri-,-derm,counterattack,counter-attack,ax,
bacterio-,-derma,counterbalance,counter-balance,baa,
balano-,-dermatous,counterclockwise,counter-clockwise,baby,
Balkano-,-desis,counterweight,counter-weight,baby-sitter,
balneo-,-diene,countryside,country-side,back,
Balto-,-dil,coursework,course-work,backache,
bar-,-dilol,courthouse,court-house,background,
bario-,-dipine,courtyard,court-yard,backtrack,
baro-,-dipsia,cowbell,cow-bell,backward,
bary-,-dom,cowboy,cow-boy,backwards,
baryo-,-dopa,cowgirl,cow-girl,bacon,
baryto-,-dralazine,cowslip,cow-slip,bad,
basi-,-drine,crabgrass,crab-grass,badge,
baso-,-drome,craftsman,crafts-man,bag,
Bat-,-dromous,craftswoman,crafts-woman,baggage,
bat-,-dronate,crawfish,craw-fish,bait,
Batavo-,-dutant,crayfish,cray-fish,bake,
batho-,-dyl,crossbow,cross-bow,bakery,
bathy-,-e,crossroad,cross-road,balance,
Bavaro-,-ean,crossroads,cross-roads,ball,
be-,Appendix:Suffix -eaux,crosswalk,cross-walk,balloon,
Belgo-,-ectomy,crossword,cross-word,ballpoint,
benz-,-ed,crowbar,crow-bar,banana,
benzo-,-�d,cubbyhole,cubby-hole,band,
Berkeleio-,-ee,cupboard,cup-board,bandage,
bi-,-een,cupcake,cup-cake,bang,
biblio-,-eer,cutaway,cut-away,banjo,
bili-,-eh,cutback,cut-back,bank,
bilio-,-ein,cutoff,cut-off,bar,
bin-,-eine,cutthroat,cut-throat,barbecue,
bio-,-el,cutup,cut-up,barber,
bis-,-elect,daredevil,dare-devil,bare,
bismuto-,-elle,darkroom,dark-room,barefoot,
blast-,-eme,dashboard,dash-board,bark,
blasto-,-emia,database,data-base,barn,
blenno-,-en,daybreak,day-break,barrel,
blepharo-,-ence,daydream,day-dream,base,
bora-,-enchyma,daylight,day-light,baseball,
boreo-,-ency,daytime,day-time,basement,
boro-,-end,deadline,dead-line,basket,
Bosno-,-ene,desktop,desktop,basketball,
brachio-,-ennial,dimwit,dim-wit,bat,
brachy-,-ensian,dishcloth,dish-cloth,bath,
brady-,-ent,dishwasher,dish-washer,bathe,
branchio-,-entan,dishwater,dish-water,bathroom,
brepho-,-enyl,dogcatcher,dog-catcher,battle,
brevi-,-eous,dogfish,dog-fish,be,
Brit-,-'er,doghouse,dog-house,beach,
Britanno-,-er,dogwood,dog-wood,bead,
Brito-,-ergic,doorbell,door-bell,beak,
brom-,-ergy,doorknob,door-knob,beam,
bromo-,-eridine,doorman,door-man,bean,
bronch-,-erie,doormat,door-mat,bear,
bronchio-,-erization,doorstep,door-step,beard,
broncho-,-erize,doorstop,door-stop,beast,
bronto-,-ern,doorway,door-way,beat,
bryo-,-eroo,downburst,down-burst,beautiful,
bucco-,-eroonie,downcast,down-cast,beauty,
Bulgaro-,-ers,downdraft,down-draft,beaver,
bur-,-ery,downfall,down-fall,became,
Burmo-,-es,downhill,down-hill,because,
but-,-esce,downlink,down-link,become,
butyro-,-escence,download,down-load,bed,
by-,-escent,downplay,down-play,bedroom,
C-,-ese,downpour,down-pour,bedspread,
caco-,-esis,downrate,down-rate,bee,
caeco-,-esque,downright,down-right,beef,
calc-,-ess,downscale,down-scale,beefsteak,
calcaneo-,-est,downshift,down-shift,been,
calci-,-et,downsize,down-size,beer,
calcio-,-eth,downstairs,down-stairs,beet,
calco-,-ethidine,downstream,down-stream,before,
calli-,-etic,downstroke,down-stroke,beg,
Cambro-,-ette,downthrow,down-throw,began,
Canado-,-ety,downtown,down-town,beggar,
canaliculo-,-ex,downtrodden,down-trodden,begin,
cantho-,-exia,downturn,down-turn,begun,
capno-,-ey,downward,down-ward,behave,
carb-,-facient,downwind,down-wind,behind,
carbo-,-faction,dragonfly,dragon-fly,belief,
carcino-,-fag,drainpipe,drain-pipe,believe,
carcinomato-,-farm,dreadlock,dread-lock,bell,
cardio-,-fenac,dreadnought,dread-nought,belly,
cario-,-fentanil,dressmaker,dress-maker,belong,
carotico-,-ferous,dressmaking,dress-making,belonging,
Carpatho-,-fest,driftwood,drift-wood,belongings,
carpo-,-fiban,driveway,drive-way,below,
carto-,-fibrate,dropout,drop-out,belt,
cat-,-fication,drugstore,drug-store,bench,
cata-,-fier,drumbeat,drum-beat,bend,
Catalano-,-filcon,drumfire,drum-fire,beneath,
caudo-,-fix,drumroll,drum-roll,bent,
ceco-,-floxacin,drumstick,drum-stick,berry,
cedr-,-flurane,duckbill,duck-bill,beside,
cef-,-flux,dugout,dug-out,besides,
Celto-,-focon,dumbbell,dumb-bell,best,
cen-,-fold,dustpan,dust-pan,bet,
ceno-,-form,duststorm,dust-storm,better,
cent-,-formin,earache,ear-ache,between,
centi-,-fos,eardrum,ear-drum,beyond,
centri-,-fosfamide,earlobe,ear-lobe,bib,
centro-,-fosine,earmark,ear-mark,bible,
cephal-,-fovir,earmuff,ear-muff,bicycle,
cephalo-,-free,earphone,ear-phone,big,
cerauno-,-frine,earring,ear-ring,bigness,
cerebello-,-fu,earshot,ear-shot,bill,
cerebro-,-fugal,earthbound,earth-bound,billfold,
cero-,-fuge,earthquake,earth-quake,billion,
cervici-,-ful,earthward,earth-ward,bingo,
cervico-,-full,earthworm,earth-worm,bird,
chaeto-,-fungin,earwig,ear-wig,birth,
chalco-,-furter,eavesdrop,eaves-drop,birthday,
cheilo-,-fy,eggbeater,egg-beater,biscuit,
cheir-,-gamous,eggcup,egg-cup,bit,
cheiro-,-gamy,egghead,egg-head,bite,
cheli-,-gasm,eggnog,egg-nog,bitter,
chem-,-gastria,eggplant,egg-plant,black,
chemi-,-gate,eggshell,egg-shell,blackboard,
chemico-,-gatran,elsewhere,else-where,blackness,
chemo-,-gaze,evergreen,ever-green,blacksmith,
chilia-,-geddon,everlasting,ever-lasting,blame,
chion-,-gen,everybody,every-body,blank,
chir-,-genesis,everyday,every-day,blanket,
chiro-,-genic,everyone,every-one,blast,
chiroptero-,-genin,everything,every-thing,blastoff,
chlamydo-,-genous,everywhere,every-where,blaze,
chlor-,-geny,eyeball,eye-ball,bleed,
chloro-,-gerous,eyebrow,eye-brow,bless,
chloroformyl-,-gest,eyeglass,eye-glass,blew,
choano-,-gesterone,eyelash,eye-lash,blind,
cholangio-,-giline,eyelid,eye-lid,blindfold,
chole-,-gliflozin,eyepiece,eye-piece,blink,
cholecysto-,-gliptin,eyesight,eye-sight,blinker,
choledoch-,-glitazar,eyewitness,eye-witness,block,
choledocho-,-glitazone,fallout,fall-out,blond,
chondro-,-glossia,fanfare,fan-fare,blonde,
choreo-,-glot,farewell,fare-well,blood,
chorio-,-glutide,farmhouse,farm-house,bloodhound,
choro-,-gnathous,farmyard,farm-yard,bloodstream,
Christo-,-golide,farsighted,far-sighted,bloom,
chromat-,-gon,fatherland,father-land,blossom,
chromato-,-gony,feedback,feed-back,blot,
chromo-,-gram,fiddlesticks,fiddle-sticks,blouse,
chron-,-gramme,fingernail,finger-nail,blow,
chrono-,-graph,fingerprint,finger-print,blue,
chrys-,-grapher,fingertip,finger-tip,blueberry,
chryso-,-graphic,firearm,fire-arm,blush,
chylo-,-graphical,fireboat,fire-boat,board,
cilio-,-graphy,firebug,fire-bug,boat,
cine-,-grave,firefighter,fire-fighter,bobwhite,
cingulo-,-grel,firefly,fire-fly,body,
circum-,-gyny,fireman,fire-man,bodyguard,
cirro-,-ham,fireplace,fire-place,boil,
cis-,-happy,fireproof,fire-proof,bold,
clado-,-head,firewood,fire-wood,bolt,
cleido-,-hedra,firework,fire-work,bomb,
climo-,-hedral,firsthand,first-hand,bone,
clinico-,-hedron,fishbowl,fish-bowl,bonnet,
clino-,-henge,fishcake,fish-cake,boo,
co-,-holic,fisherman,fish-erman,book,
cobalti-,-holism,fisherwoman,fisher-woman,boom,
cobalto-,-hood,fisheye,fish-eye,boot,
cochleo-,-hour-old,fishhook,fish-hook,born,
coel-,-i,fishnet,fish-net,borrow,
coelo-,-ia,flagpole,flag-pole,boss,
c�lo-,-iad,flapjack,flap-jack,both,
coen-,-ial,flashlight,flash-light,bother,
c�n-,-ian,flatfish,flat-fish,bottle,
coeno-,-iana,floodlight,flood-light,bottom,
c�no-,-iasis,floorboard,floor-board,bought,
col-,-iatric,flowerbed,flower-bed,boulder,
colliculo-,-iatrician,flowerpot,flower-pot,bounce,
colo-,-iatrics,flyby,fly-by,bow,
Colombo-,-iatry,flyweight,fly-weight,bow-wow,
colpo-,-ibility,flywheel,fly-wheel,bowl,
com-,-ible,foghorn,fog-horn,box,
combi-,-ibly,folklore,folk-lore,boxcar,
con-,-ic,foolproof,fool-proof,boy,
condylo-,-ica,football,foot-ball,brace,
conico-,-ical,foothill,foot-hill,bracelet,
cono-,-icam,footlight,foot-light,brain,
contra-,-icase,footman,foot-man,brake,
contro-,-ication,footnote,foot-note,bran,
copro-,-ice,footprint,foot-print,branch,
Copto-,-ician,footrest,foot-rest,brand,
cor-,-icide,footstep,foot-step,brand-new,
coraco-,-icism,footstool,foot-stool,brass,
corneo-,-icity,footwear,foot-wear,brave,
cort-,-ick,forecast,fore-cast,bravery,
cortico-,-icle,foreclose,fore-close,bread,
cosmo-,-ics,foreman,fore-man,break,
cost-,-id,foremost,fore-most,breakfast,
costo-,-ide,foreshadow,fore-shadow,breast,
counter-,-idene,foresight,fore-sight,breath,
cran-,-idine,forthwith,forth-with,breathe,
cranio-,-ie,foursquare,four-square,breeze,
crico-,-ied,foxglove,fox-glove,brick,
Croato-,-ienne,foxhole,fox-hole,bride,
crono-,-ier,framework,frame-work,bridge,
cross-,-ies,freelance,free-lance,bright,
cruro-,-iest,freeway,free-way,brighten,
cryo-,-iety,freshman,fresh-man,bring,
crypt-,-ifene,freshwater,fresh-water,broad,
crypto-,-iferous,friendship,friend-ship,broadcast,
crystallo-,-ific,frogman,frog-man,broke,
cteno-,-ification,frostbite,frost-bite,broken,
culdo-,-ifier,frostbitten,frost-bitten,broken-hearted,
cuneo-,-iform,fruitcake,fruit-cake,brook,
cupr-,-ify,furthermore,further-more,broom,
cupro-,-ile,gallbladder,gall-bladder,brother,
cyan-,-ilide,gallstone,gall-stone,brought,
cyano-,-illiard,gearshift,gear-shift,brown,
cyber-,-illion,gemstone,gem-stone,brownie,
cycl-,-ily,gentleman,gentle-man,brush,
cyclo-,-imibe,getghostwriter,get-ghostwriter,bubble,
Cymro-,-imundo,gingerbread,ginger-bread,bucket,
cyn-,-imus,giveglobetrotter,give-globe-trotter,buckle,
cyno-,-in,glowworm,glow-worm,bud,
Cypro-,-in',goalkeeper,goal-keeper,budge,
cyrto-,-inator,goalpost,goal-post,buffalo,
cysto-,-inda,goldenrod,golden-rod,bug,
cyt-,-ine,goldfinch,gold-finch,buggy,
cythero-,inflectional suffix,goldfish,gold-fish,build,
cyto-,-ing,goldmine,gold-mine,building,
Czecho-,-�ng,goldsmith,gold-smith,bulb,
d,-ing-form,goodnight,good-night,bull,
D/L,-in-law,grandchild,grand-child,bullet,
Daco-,-ino,granddaughter,grand-daughter,bulletin,
dacryo-,-in-waiting,grandfather,grand-father,bumblebee,
dactyl-,-ion,grandma,grand-ma,bump,
dactylo-,-iot,grandmother,grand-mother,bumpy,
Dalmato-,-iour,grandpa,grand-pa,bun,
Dano-,-ious,grandparent,grand-parent,bunch,
dasy-,-irudin,grandson,grand-son,bundle,
de-,-isation,grandstand,grand-stand,bunk,
dec-,-ise,grapefruit,grape-fruit,bunny,
deca-,-iser,grapevine,grape-vine,burglar,
decakis-,-ish,grasshopper,grass-hopper,burn,
deci-,-ism,grassland,grass-land,burnt,
dehydro-,-ismus,gravestone,grave-stone,burro,
deipno-,-ist,graveyard,grave-yard,burst,
deka-,-ista,greenback,green-back,bury,
demi-,-istic,greengrocer,green-grocer,bus,
demo-,-istical,greenhorn,green-horn,bush,
demono-,-istically,greenhouse,green-house,bushel,
dendr-,-itan,greyhound,grey-hound,business,
dendro-,-ite,gridlock,grid-lock,busy,
denti-,-ition,grindstone,grind-stone,but,
dento-,-itis,groundbreaking,ground-breaking,butcher,
deorsum-,-itol,groundcover,ground-cover,butter,
deoxy-,-itude,groundhog,ground-hog,butterfly,
derm-,-ity,groundskeeper,grounds-keeper,butterscotch,
dermo-,-ium,groundspeed,ground-speed,button,
derma-,-ive,groundwork,ground-work,buy,
dermat-,-ization,grownup,grown-up,buzz,
dermato-,-ize,guidebook,guide-book,by,
des-,-izer,guideline,guide-line,bye,
desmo-,-izine,guidepost,guide-post,cab,
desoxy-,-izzle,gumdrop,gum-drop,cabbage,
deuter-,-izzy,gunfire,gun-fire,cabin,
deutero-,j,gunmetal,gun-metal,cage,
dex-,-ja,gunpowder,gun-powder,cake,
dextro-,-ji,hacksaw,hack-saw,calendar,
di-,-k,hailstone,hail-stone,calf,
dia-,-kacin,hailstorm,hail-storm,call,
diamido-,-kin,hairbrush,hair-brush,came,
dichlor-,-kin-,haircut,hair-cut,camel,
dichloro-,-kind,hairdo,hair-do,camera,
dicho-,-kinesis,hairdresser,hair-dresser,camp,
digi-,-kini,hairline,hair-line,can,
dihydro-,-kinra,halfback,half-back,can't,
dil-,-kins,halfhearted,half-hearted,canal,
dilithio-,-kiren,halfway,half-way,canary,
dimethylimidazol-,-kun,halfwit,half-wit,candle,
dinitro-,-lagnia,hallway,hall-way,candy,
dino-,-lalia,hamburger,ham-burger,cane,
diphy-,-land,handbag,hand-bag,cannon,
dipl-,Appendix:Suffix -land,handball,hand-ball,cannot,
diplo-,-landia,handbook,hand-book,canoe,
dipso-,-later,handcuff,hand-cuff,canyon,
dis-,-latrous,handgun,hand-gun,cap,
disco-,-latry,handheld,hand-held,cape,
disko-,-le,handhold,hand-hold,capital,
disti-,-lect,handkerchief,hand-kerchief,capsule,
disto-,-leigh,handlebar,handle-bar,captain,
docosa-,-lepsy,handmade,hand-made,capture,
dodeca-,-lept,handover,hand-over,car,
dolich-,-leptic,handprint,hand-print,card,
dolicho-,-less,handrail,hand-rail,cardboard,
doppel-,-let,handset,hand-set,care,
dors-,-licious,handshake,hand-shake,careful,
dorsi-,-lie,handspring,hand-spring,carefully,
dorso-,-like,handstand,hand-stand,careless,
down-,-lin,handwork,hand-work,carload,
dromo-,-ling,handwriting,hand-writing,carpenter,
ducto-,-lings,handyman,handy-man,carpet,
duo-,-lite,hangman,hang-man,carriage,
duodeca-,-lith,hangnail,hang-nail,carrot,
duoden-,-lock,hangout,hang-out,carry,
duodeno-,Appendix:Suffix -lock,hardheaded,hard-headed,cart,
duplicato-,-log,hardhearted,hard-hearted,cartoon,
duplo-,-logic,hardtop,hard-top,carve,
dwi-,-logical,hardware,hard-ware,case,
dynamo-,-logist,hardwire,hard-wire,cash,
-dynia,-logs,hardworking,hard-working,cashier,
dys-,-logue,hayfield,hay-field,castle,
e-,-logues,hayfork,hay-fork,cat,
E-,-logy,hayloft,hay-loft,catch,
ecclesio-,-long,hayride,hay-ride,caterpillar,
echino-,-loquy,haystack,hay-stack,catsup,
echo-,-lord,haywire,hay-wire,cattle,
eco-,-lukast,hazelnut,hazel-nut,caught,
econo-,-lutamide,headache,head-ache,cause,
ecto-,-ly,headboard,head-board,cave,
ed-,-lyn,headdress,head-dress,ceiling,
edemato-,-lysis,headfirst,head-first,celebrate,
ego-,-lyte,headhunter,head-hunter,celebration,
Egypto-,-lytic,headland,head-land,cell,
eicosa-,-mab,headlight,head-light,cellar,
eigen-,-machy,headline,head-line,cent,
eka-,-mageddon,headphone,head-phone,center,
elasto-,-man,headquarters,head-quarters,cereal,
electr-,-mance,headrest,head-rest,certain,
electro-,-mancer,headset,head-set,chain,
em-,-mancy,headstand,head-stand,chair,
embol-,-mane,headstone,head-stone,chalk,
embolo-,-mania,headwaters,head-waters,chalkboard,
embryo-,-maniac,headway,head-way,champion,
emeto-,-mans,heartbeat,heart-beat,chance,
en-,-manship,heartburn,heart-burn,change,
enantio-,-mantadine,heartsick,heart-sick,channel,
encephal-,-mantic,heavyweight,heavy-weight,chapter,
encephalo-,-mas,hedgehog,hedge-hog,charge,
end-,-mastia,hereafter,here-after,charm,
endo-,-mate,heretofore,here-to-fore,chart,
endothelio-,-max,herringbone,herring-bone,chase,
ennea-,-maxx,herself,her-self,chatter,
enneadeca-,-meal,hideaway,hide-away,cheap,
eno-,-megaly,highbrow,high-brow,cheat,
ent-,-meister,highchair,high-chair,check,
enter-,-men,highflier,high-flier,checkers,
entero-,-ment,highhanded,high-handed,checkup,
ento-,-mer,highjack,high-jack,cheek,
entomo-,-mere,highland,high-land,cheer,
enviro-,-merous,highlander,high-lander,cheerful,
eo-,-mestane,highlight,high-light,cheerfully,
epi-,-metacin,highroad,high-road,cheese,
epidermo-,-metasone,hightail,high-tail,cheeseburger,
epididymo-,-meter,highway,high-way,cherry,
episio-,-methasone,highwayman,high-way-man,chest,
epithelio-,-metre,hijack,hijack,chestnut,
epoxy-,-metric,hillside,hill-side,chew,
epta-,-metry,hilltop,hill-top,chick,
equ-,-micin,himself,him-self,chicken,
equi-,-mifene,hindsight,hind-sight,chief,
erem-,-misia,hogtie,hog-tie,child,
ergat-,-misic,hogwash,hog-wash,childhood,
ergato-,-mo,hollyhock,holly-hock,children,
ergo-,-mobile,homecoming,home-coming,chili,
eroto-,-mont,homeland,home-land,chill,
erythemato-,-mony,homemade,home-made,chilly,
erythr-,-more,homeowner,home-owner,chimney,
erythro-,-morelin,homesick,home-sick,chimpanzee,
es-,-morph,homeward,home-ward,chin,
esophag-,-morphic,homework,home-work,china,
esophago-,-morphism,honeybee,honey-bee,chip,
estr-,-morphous,honeycomb,honey-comb,chipmunk,
estro-,-morphy,honeydew,honey-dew,chirp,
eth-,-most,honeymoon,honey-moon,chocolate,
Ethio-,-motide,hookworm,hook-worm,choice,
ethmo-,-mycete,hopscotch,hop-scotch,choke,
ethn-,-mycin,horseback,horse-back,choose,
ethno-,-n,horsefly,horse-fly,chop,
etho-,-nab,horselaugh,horse-laugh,chop-suey,
etio-,-nado,horseman,horse-man,chorus,
eu-,-naissance,horseplay,horse-play,chose,
eur-,-nakinra,horsepower,horse-power,chosen,
Euro-,-nap,horseradish,horse-radish,church,
eury-,-nasty,horseshoe,horse-shoe,churn,
even-,-naut,hotbed,hot-bed,cigarette,
ex-,-navir,hotcake,hot-cake,circle,
exa-,-nd,hothead,hot-head,circus,
exbi-,-nema,hotheaded,hot-headed,citizen,
excito-,-neme,hothouse,hot-house,city,
exo-,-nephry,hotline,hot-line,clap,
extra-,-nercept,hotrod,hot-rod,class,
extro-,-ness,hotshot,hot-shot,classroom,
f-,-nesse,hourglass,hour-glass,claw,
facio-,-netant,houseboat,house-boat,clay,
fascio-,-nicline,housebreaking,house-breaking,clean,
fem-,-nidazole,housecoat,house-coat,cleanser,
femoro-,-nidipine,housefly,house-fly,clear,
femto-,-nik,household,house-hold,clerk,
Fenno-,-nom,housekeeper,house-keeper,clever,
ferr-,-nomicon,housekeeping,house-keeping,click,
ferri-,-nomics,housewarming,house-warming,climate,
ferro-,-nomy,housewife,house-wife,climb,
ferroso-,-'nt,housework,house-work,clip,
feto-,-n't,hovercraft,hover-craft,clock,
fibro-,-nym,however,how-ever,close,
fibromato-,-nymy,huckleberry,huckle-berry,closet,
Fil-,-o,humankind,human-kind,cloth,
Finno-,-oan,humbug,hum-bug,cloud,
Fitz-,-oate,humdrum,hum-drum,cloudy,
flexi-,-ock,hummingbird,humming-bird,clown,
flexo-,-ocracy,humpback,hump-back,club,
fluo-,-ocratic,hunchback,hunch-back,clubhouse,
fluor-,-odd,iceberg,ice-berg,coach,
fluoro-,-ode,icefish,ice-fish,coal,
fluvio-,-odont,inchworm,inch-worm,coast,
foeto-,-odontia,income,in-come,coat,
for-,-odynia,indoor,in-door,cob,
fore-,-oecious,indoors,in-doors,cobweb,
form-,-off,inkblot,ink-blot,cocktail,
formo-,-oh,inland,in-land,cocoa,
forth-,-oholic,inlet,in-let,coconut,
fos-,-oi,inmate,in-mate,coffee,
franco-,-oic,inside,in-side,coin,
Franco-,-oid,instep,in-step,cold,
franken-,-ol,into,in-to,collar,
Franken-,-ola,inward,in-ward,collect,
fronto-,-ole,itself,it-self,collection,
fructo-,-ologist,jackfruit,jack-fruit,collector,
fungi-,-ology,jackknife,jack-knife,college,
gab-,-olol,jackpot,jack-pot,color,
gain-,-olone,jawbone,jaw-bone,colorful,
galacto-,-oma,jawbreaker,jaw-breaker,colt,
Gallo-,-o-matic,jaybird,jay-bird,column,
galvano-,-ome,jaywalker,jay-walker,comb,
gameto-,-ometer,jellybean,jelly-bean,come,
gamo-,-ometry,jellyfish,jelly-fish,comfort,
ganglio-,-omics,jigsaw,jigsaw,comfortable,
gastr-,-on,jitterbug,jitter-bug,comic,
gastro-,-one,joystick,joy-stick,comma,
gelatino-,-onidine,jumpsuit,jump-suit,command,
genio-,-onium,keepsake,keep-sake,commercial,
genito-,-onomics,kettledrum,kettle-drum,company,
geno-,-onomy,keyboard,key-board,complete,
geo-,-onym,keyhole,key-hole,computer,
geop-,-onymy,keystone,key-stone,concrete,
Georgio-,-oomer,keyword,key-word,conductor,
Germano-,-oon,kickoff,kick-off,cone,
germano-,-opamine,killjoy,kill-joy,connect,
gero-,-ophilic,kindhearted,kind-hearted,contest,
geronto-,-opia,knapsack,knap-sack,continue,
gest-,-opoly,kneecap,knee-cap,control,
gibi-,-opsia,knighthood,knight-hood,cook,
giga-,-opsy,knockout,knock-out,cookie,
giganto-,-or,ladybird,lady-bird,cooky,
gingivo-,-o-rama,ladybug,lady-bug,cool,
glaci-,-orama,lakebed,lake-bed,copy,
glacio-,-orium,lakeside,lake-side,cord,
gli-,-orphan,landfall,land-fall,cork,
glio-,-orphine,landform,land-form,corn,
glomerulo-,-orphone,landlord,land-lord,corner,
gloss-,-ory,landmark,land-mark,cornmeal,
glosso-,-os,landowner,land-owner,correct,
glott-,-ose,landslide,land-slide,cost,
glotto-,-osin,larkspur,lark-spur,cosy,
gluco-,-osis,laughingstock,laugh-ing-stock,cottage,
glucurono-,-osity,lawnmower,lawn-mower,cotton,
gluta-,-ostomy,lawsuit,law-suit,couch,
glutar-,-oth,layover,lay-over,cough,
gly-,-otic,leapfrog,leap-frog,could,
glycero-,-otomy,leftover,left-over,couldn't,
glyco-,-our,letdown,let-down,count,
gnatho-,-ous,levelheaded,level-headed,counter,
god-,-out-law,lifeboat,life-boat,country,
gon-,-ov,lifeguard,life-guard,course,
gonio-,-oxacin,lifelong,life-long,court,
gono-,-oxanide,lifespan,life-span,cousin,
Graeco-,-oxepin,lifestyle,life-style,cover,
Gr�co-,-oxetine,lifetime,life-time,cow,
grammatico-,-oxifene,liftoff,lift-off,coward,
grand-,-oxy,lightheaded,light-headed,cowboy,
granulomato-,-oyl,lighthearted,light-hearted,cozy,
grapho-,-pagus,lighthouse,light-house,crab,
gravi-,-palooza,lightweight,light-weight,crack,
gravito-,-pamil,limelight,lime-light,cracker,
gravo-,-pants,limestone,lime-stone,cradle,
great-,-parin,linebacker,line-backer,cranberry,
Greco-,-parinux,lineman,line-man,crank,
guan-,-parous,lineup,line-up,crash,
Guiano-,-partite,lionheart,lion-heart,crawl,
gymno-,-path,lipstick,lip-stick,crayon,
gyn-,-pathic,litterbug,litter-bug,crazy,
gyn�c-,-pathy,livestock,live-stock,cream,
gynaeco-,-pause,locksmith,lock-smith,creature,
gyn�co-,-ped,loggerhead,logger-head,creek,
gyne-,-pedia,logjam,log-jam,crib,
gyneco-,-penia,longhair,long-hair,cricket,
gyno-,-people,longhand,long-hand,crime,
gyro-,-peridol,longshoreman,long-shoreman,cripple,
hadeo-,-peridone,lookout,look-out,crisp,
hadro-,-perone,loophole,loophole,croak,
haem-,-person,lopsided,lop-sided,crook,
h�m-,-persons,loudmouth,loud-mouth,crop,
haema-,-petal,lovesick,love-sick,cross,
haemangio-,-pexy,lowbrow,low-brow,crosswalk,
haemat-,-phage,lowland,low-land,crossways,
h�mat-,-phagia,lowlife,low-life,crow,
haemato-,-phagic,lukewarm,luke-warm,crowd,
h�mato-,-phagous,lumberjack,lumber-jack,crown,
haemo-,-phagy,lunchroom,lunch-room,cruel,
h�mo-,-phalangia,lungfish,lung-fish,crumb,
hagio-,-phalangy,mailbox,mail-box,crumble,
half-,-phany,mailman,mail-man,crush,
halo-,-phasia,mainframe,main-frame,crust,
haplo-,-phemia,mainland,main-land,crutch,
hapto-,-phil,mainstream,main-stream,cry,
HDMS,-phile,makeover,make-over,cub,
he-,-philia,makeshift,make-shift,cup,
hebe-,-philiac,makeup,make-up,cupboard,
Hebra-,-philic,manhole,man-hole,cupful,
hecato-,-philous,manhunt,man-hunt,cure,
hect-,-phily,mankind,man-kind,curl,
hecto-,-phobe,manpower,man-power,curly,
hectokilo-,-phobia,marketplace,market-place,curtain,
heli-,-phobiac,marksman,marks-man,curve,
helico-,-phobic,mastermind,master-mind,cushion,
helio-,-phone,masterpiece,master-piece,customer,
hella-,-phonia,matchbook,match-book,cute,
Helleno-,-phonic,matchmaker,match-maker,daddy,
Helveto-,-phony,matchmaking,match-making,dady-long-legs,
hem-,-phor,maybe,may-be,daily,
hemangio-,-phore,mayflower,may-flower,dairy,
hemat-,-phoresis,mealtime,meal-time,daisy,
hemato-,-phrenia,meanwhile,mean-while,dam,
hemi-,-phyl,meatball,meat-ball,damage,
hemo-,-phyll,meatloaf,meat-loaf,damp,
hendeca-,-phyllous,merry-middleman,merry-middle-man,dance,
heort-,-physis,midshipman,mid-ship-man,dandy,
hepat-,-phyte,milestone,mile-stone,danger,
hepatico-,-pidem,milkshake,milk-shake,dangerous,
hepato-,-pilled,mockingbird,mocking-bird,dare,
hept-,-pine,mockup,mock-up,dark,
hepta-,-piprazole,moonbeam,moon-beam,darkness,
heptadeca-,-pitant,moonlight,moon-light,darling,
heptakis-,-plasia,moonstruck,moon-struck,dart,
Hercego-,-plast,moreover,more-over,dash,
hermeo-,-plasty,motorboat,motor-boat,date,
hermo-,-platin,motorcycle,motor-cycle,daughter,
herpet-,-ple,mousetrap,mouse-trap,dawn,
herpeto-,-plegia,mouthpiece,mouth-piece,day,
Herzego-,-plegic,mouthwatering,mouth-watering,daylight,
hetero-,-plex,muskrat,musk-rat,daytime,
hex-,-plinerved,myself,myself,dead,
hexa-,-ploid,namesake,name-sake,deaf,
hexadeca-,-plon,nearsighted,near-sighted,deal,
hexahedro-,-pnea,necklace,neck-lace,dear,
hexakis-,-pnoea,neckline,neck-line,death,
hexaprismo-,-pocalypse,necktie,neck-tie,decide,
Hiberno-,-pod,needlepoint,needle-point,deck,
hiero-,-poeia,needlework,needle-work,deep,
Himalo-,-p�ia,network,net-work,deer,
hipp-,-poiesis,nevertheless,never-the-less,defend,
hippo-,-polis,newborn,new-born,delighted,
Hispano-,-polises,newcomer,new-comer,deliver,
hispano-,-poly,newsletter,news-letter,delivery,
hist-,-poo,newspaper,news-paper,den,
histi-,-poride,newsstand,news-stand,dentist,
histio-,-post,newsworthy,news-worthy,depend,
histo-,-pramine,nightfall,night-fall,deposit,
historico-,-prazole,nightgown,night-gown,describe,
historio-,-prenaline,nightmare,night-mare,desert,
HNLMS,-preneur,nightstand,night-stand,design,
HNMS,-previr,nighttime,night-time,desire,
hodo-,-pride,nitwit,nit-wit,desk,
hol-,-pril,nobleman,noble-man,destroy,
holo-,-prilat,nobody,no-body,detective,
home-,-prim,northeast,north-east,detergent,
homeo-,-pristin,northwest,north-west,devil,
homo-,-profen,nosebleed,nose-bleed,dew,
homoe-,-prone,nosedive,nose-dive,dial,
hom�-,-proof,notebook,note-book,diamond,
homoeo-,-prost,noteworthy,note-worthy,dice,
hom�o-,-prostil,nothing,no-thing,dictionary,
homoi-,-pter,nowhere,no-where,did,
homoio-,-pteran,nutshell,nut-shell,didn't,
hopl-,-pterous,oatmeal,oat-meal,die,
hoplo-,-ptile,offline,off-line,diet,
horo-,-punk,offshoot,off-shoot,difference,
humero-,-quinil,offshore,off-shore,differences,
Hungaro-,-racil,offside,off-side,difficult,
Hurro-,-rama,offspring,off-spring,difficulty,
hyalo-,-rd,oilcan,oil-can,dig,
hydr-,-rds,oncoming,on-coming,dim,
hydro-,-red,oneself,one-self,dime,
hydroxy-,-rel,ongoing,on-going,dimple,
hyeto-,-relin,online,on-line,dine,
hygr-,-ren,onlooker,on-looker,ding-dong,
hygro-,-renone,onrush,on-rush,dinner,
hyl-,-reotide,onset,on-set,dinosaur,
hylo-,-ress,onto,onto,dip,
hyo-,-retin,onward,on-ward,direct,
hyp-,-ribine,openhanded,open-handed,direction,
hyper-,-ric,otherwise,other-wise,dirt,
hypho-,-rices,ourselves,our-selves,dirty,
hypn-,-ridden,outbid,out-bid,disagree,
hypno-,-riffic,outbreak,out-break,disappear,
hypo-,-rific,outburst,out-burst,discover,
hypothalamo-,-rinone,outcast,out-cast,disease,
hyps-,-ritide,outcome,out-come,disgrace,
hypsi-,-rix,outcrop,out-crop,disgraceful,
hypso-,-rolimus,outcry,out-cry,dish,
hyster-,-rozole,outdated,out-dated,dismiss,
hystero-,-rrhagia,outdo,out-do,distance,
i-,-rrhaphy,outdoor,out-door,ditch,
iatro-,-rrhea,outdoors,out-doors-man,dive,
Ibero-,-rrhexis,outdoorsman,out-field,divide,
ichn-,-rrhoea,outfield,out-fit,do,
ichno-,-rrh�a,outfit,out-flow,dock,
ichthy-,-rubicin,outflow,out-fox,doctor,
ichthyo-,R Us,outfox,out-gas,dodge,
icono-,-ry,outgas,out-going,does,
icosa-,'s,outgoing,out-grow,doesn't,
icosi-,-'s,outgrow,out-house,dog,
ictero-,-s,outhouse,out-last,doll,
ideo-,-safe,outlast,out-law,dollar,
idio-,-sal,outlaw,out-lay,dolly,
ile-,-salan,outlay,out-let,don't,
ileo-,-salazide,outlet,out-line,done,
ilio-,-salazine,outline,out-live,donkey,
Illyro-,-sama,outlive,out-look,door,
im-,-san,outlook,out-lying,doorstep,
imid-,-sartan,outlying,out-number,dope,
imido-,-sauce,outnumber,out-post,dot,
immuno-,-saur,outpost,out-put,double,
in-,-saurus,output,out-rage,dove,
incudo-,-scape,outrage,out-rank,down,
Indo-,-scope,outrank,out-run,downstairs,
Indonesio-,-scopic,outrun,out-shine,downtown,
infero-,-scopy,outshine,out-side,downward,
info-,-se,outside,out-sider,downwards,
infra-,-self,outsider,out-skirt,dozen,
infundibulo-,-selves,outskirt,out-smart,drag,
inguino-,-semide,outsmart,out-source,dragon,
insta-,-serod,outsource,out-spoken,drain,
integro-,-serpine,outspoken,out-standing,drank,
inter-,-ses,outstanding,out-stand-ing,draw,
intestino-,-setron,outstay,out-stay,dream,
intra-,-sexual,outstretch,out-stretch,dress,
intro-,-ship,outtake,out-take,drew,
Inver-,-shire,outward,out-ward,drill,
io-,-sicle,overabundant,over-abundant,drink,
iod-,-side,overachiever,over-achiever,drip,
iodo-,-sie,overact,over-act,drive,
iono-,-sies,overactive,over-active,driveway,
ipsi-,-sion,overage,over-age,drop,
Irano-,-sis,overall,over-all,drove,
iri-,-ski,overalls,over-alls,drown,
irid-,-sky,overarching,over-arching,drowsy,
iridico-,-soft,overbearing,over-bearing,drug,
iridio-,-sol,overbite,over-bite,drugstore,
irido-,-some,overblown,over-blown,drum,
iris-,-something,overboard,over-board,drunk,
is-,-son,overbook,over-book,dry,
ischio-,-sona,overburden,over-burden,duck,
Islamo-,-sophy,overcast,over-cast,duckling,
iso-,-speak,overcharge,over-charge,due,
isoindol-,-spect,overcoat,over-coat,dug,
isthm-,-sphere,overcome,over-come,dull,
isthmo-,-spirone,overcompensate,over-compensate,dumb,
Istro-,-splain,overcook,over-cook,dump,
Italo-,-sploitation,overcrowd,over-crowd,during,
italo-,-spo,overdo,over-do,dust,
J-,-sson,overdose,over-dose,dusty,
Japano-,-'st,overdraft,over-draft,dying,
jejuno-,-st,overdress,over-dress,each,
Judaeo-,-stan,overdrive,over-drive,eager,
Jud�o-,-Stan,overdue,over-due,eagle,
Judeo-,-stasis,overeager,over-eager,ear,
Jugo-,-stat,overeat,over-eat,earache,
jugulo-,-static,overexpose,over-expose,eardrum,
juridico-,-statin,overfill,over-fill,early,
juxta-,-stein,overflow,over-flow,earn,
K-,-steine,overfull,over-full,earnings,
k-,-step,overgrown,over-grown,earth,
ka-,-ster,overhand,over-hand,earthquake,
Karelo-,-steride,overhang,over-hang,east,
Kartvelo-,-sterone,overhaul,over-haul,eastern,
kary-,-stigmine,overhead,over-head,easy,
karyo-,-stock,overhear,over-hear,eat,
Kazaco-,-stome,overheat,over-heat,eaten,
Kenio-,-stomy,overkill,over-kill,edge,
ker-,-stress,overland,over-land,education,
kerat-,-strophy,overlap,over-lap,egg,
kerato-,-style,overlay,over-lay,eight,
kerauno-,-styly,overload,over-load,eighteen,
keto-,-sy,overlook,over-look,eighth,
kibi-,-t,overlord,over-lord,eighty,
kilo-,-tacular,overlying,over-lying,either,
kine-,-tadine,overnight,over-night,el,
kinesi-,-tainment,overpack,over-pack,elastic,
kineto-,-tant,overpaid,over-paid,elbow,
klado-,-tard,overpass,over-pass,election,
klepto-,-tastic,overpay,over-pay,electric,
koilo-,-taxel,overpower,over-power,electricity,
konio-,-teen,overrate,over-rate,elephant,
Kurdo-,-tegravir,overreach,over-reach,elevator,
kymo-,-tely,overreact,over-react,eleven,
Kyrgyzo-,-tene,override,over-ride,elm,
La-,-tepine,overrule,over-rule,else,
labio-,-teplase,overrun,over-run,empty,
Lacono-,-terenol,overseas,over-seas,encyclopedia,
lact-,-terol,oversee,over-see,end,
lacto-,-terone,overshoe,over-shoe,endless,
laevo-,-th,oversight,over-sight,enemy,
l�vo-,-therm,oversleep,over-sleep,engine,
Lal.,-thermal,overstate,over-state,engineer,
lamino-,-thermic,overstretch,over-stretch,english,
laparo-,-thermy,overtake,over-take,enjoy,
laryng-,-thiazide,overtax,over-tax,enjoyment,
laryngo-,-thiouracil,overthrow,over-throw,enough,
latero-,-thon,overtime,over-time,enter,
Latino-,-thrin,overturn,over-turn,envelope,
Lebano-,-tiazem,overuse,over-use,equal,
lepido-,-tic,overvalue,over-value,equator,
lepro-,-tide,overview,over-view,erase,
lept-,-tidine,overweight,over-weight,errand,
lepto-,-time,overwork,over-work,error,
Letto-,-tinib,oxbow,ox-bow,escape,
leuc-,-tion,pancake,pan-cake,evaporate,
leuco-,-tirelin,panhandle,pan-handle,even,
leuk-,-tive,paperback,paper-back,evening,
leuko-,-tizide,paperweight,paper-weight,ever,
lev-,-tizolam,paperwork,paper-work,everlasting,
levo-,-to-be,parkway,park-way,every,
lexi-,-toin,passageway,passage-way,everybody,
lexico-,-Tok,passbook,pass-book,everyday,
libro-,-tome,passerby,passer-by,everyone,
Libyco-,-tomy,passionflower,passion-flower,everything,
lieno-,-ton,passionfruit,passion-fruit,everywhere,
lign-,-tope,passkey,pass-key,evil,
ligno-,-topia,passport,pass-port,exactly,
limn-,-topic,password,pass-word,example,
limno-,-topy,pastureland,pasture-land,excellent,
linguo-,-tort,patchwork,patch-work,except,
lip-,-tous,pathfinder,path-finder,exchange,
lipo-,-trakinra,pathway,path-way,excited,
lith-,-traline,pawnbroker,pawn-broker,exciting,
lithio-,-treme,payback,pay-back,excuse,
litho-,-trexate,payroll,pay-roll,exercise,
Litto-,-trigine,peacekeeper,peace-keeper,exit,
logico-,-trix,peacemaker,peace-maker,expect,
logo-,-tron,peanut,pea-nut,experiment,
lopho-,-trope,penknife,pen-knife,explain,
ludo-,-troph,peppercorn,pepper-corn,explode,
lumbo-,-trophic,peppermint,pepper-mint,explore,
luni-,-trophism,pickax,pick-ax,explosive,
Lusitano-,-trophy,pickpocket,pick-pocket,express,
Luso-,-tropia,piecrust,pie-crust,expressway,
luso-,-tropic,pigeonhole,pigeon-hole,extinguisher,
luteo-,-tropin,piggyback,piggy-back,extra,
ly-,-tropism,pigpen,pig-pen,eye,
lyc-,-tropy,pigskin,pig-skin,eyeball,
lyco-,-Tube,pigsty,pig-sty,eyebrow,
lymph-,-tude,pigtail,pig-tail,eyeglass,
lympho-,-tuple,pillbox,pill-box,eyelash,
lyo-,-ture,pillowcase,pillow-case,eyelid,
lyso-,-twt,pincushion,pin-cushion,eyesight,
m-,-ty,pineapple,pine-apple,fable,
Mac-,-type,pinpoint,pin-point,face,
Macedo-,-ual,pinprick,pin-prick,fact,
macr-,-uide,pinup,pin-up,factory,
macro-,-ule,pinwheel,pin-wheel,fade,
mag-,-um,pipefish,pipe-fish,fail,
magico-,-umab,pipeline,pipe-line,failure,
magnesio-,-uous,pitchfork,pitch-fork,faint,
magnet-,-ure,plainclothes,plain-clothes,fair,
magneto-,-uret,playground,play-ground,fairy,
magni-,-uretic,playpen,play-pen,fairyland,
mal-,-urgy,plaything,play-thing,faith,
malaco-,-uria,plywood,ply-wood,fake,
malario-,-vac,pocketbook,pocket-book,fall,
Malayo-,-valent,pocketknife,pocket-knife,false,
Malaysio-,-vaptan,polecat,pole-cat,family,
male-,-vastatin,polestar,pole-star,fan,
malto-,-ve,policeman,police-man,fancy,
mamm-,-verine,policewoman,police-woman,far,
mammo-,-verse,popcorn,pop-corn,far-off,
mandibulo-,-ville,popover,pop-over,faraway,
mangan-,-vir,postcard,post-card,fare,
mangani-,-virine,postmark,post-mark,farm,
mangano-,-viroc,postmaster,post-master,farmer,
manno-,-virsen,potholder,pot-holder,farther,
mar-,-vore,pothole,pot-hole,fashion,
masso-,-vorous,potluck,pot-luck,fast,
mast-,-vudine,potpie,pot-pie,fasten,
masto-,-wad,powerboat,power-boat,fat,
materno-,-ward,powerhouse,power-house,father,
mathematico-,-wards,praiseworthy,praise-worthy,fault,
matr-,-ware,primrose,prim-rose,favor,
matri-,-wash,printout,print-out,favorite,
maxi-,-wave,proofread,proof-read,fear,
maxillo-,-way,pullover,pull-over,feast,
Mc-,-ways,purebred,pure-bred,feather,
meato-,-wear,pushcart,push-cart,fed,
mebi-,-wich,pushover,push-over,feed,
mechano-,-wick,quarterback,quarter-back,feel,
meco-,-wide,quartermaster,quarter-master,feet,
medico-,-wise,quickfire,quick-fire,fell,
medio-,-witz,quicksand,quick-sand,fellow,
Medo-,-woman,quicksilver,quick-silver,felt,
meg-,-women,racecar,race-car,female,
mega-,-work,racecourse,race-course,fence,
megal-,-worth,racehorse,race-horse,fern,
megalo-,-worthy,racetrack,race-track,festival,
mela-,-x,raceway,race-way,fever,
melano-,-X,railroad,rail-road,few,
melo-,-xaban,railway,rail-way,fib,
membrano-,-xeny,rainbow,rain-bow,fiddle,
meningo-,-ximab,raincoat,rain-coat,field,
meno-,-xor,raindrop,rain-drop,fifteen,
mento-,-y,rainfall,rain-fall,fifth,
mer-,-yer,rainout,rain-out,fifty,
mercapto-,-yl,rainstorm,rain-storm,fig,
mercurico-,-ylene,rattlesnake,rattle-snake,fight,
mero-,-ylidene,redcoat,red-coat,figure,
mes-,-yne,redhead,red-head,file,
mesio-,-z,redwood,red-wood,fill,
meso-,-zepine,reindeer,rein-deer,film,
met-,-zilla,ringleader,ring-leader,final,
meta-,-zoan,ringside,ring-side,finally,
metacarp-,-zoic,ringworm,ring-worm,find,
metacarpo-,-zolac,ripsaw,rip-saw,fine,
metallo-,-zoon,riverbed,river-bed,finger,
metatars-,-zumab,riverside,river-side,fingernail,
metatarso-,-zygous,roadbed,road-bed,fingerprint,
meteoro-,-zza,roadrunner,road-runner,fingertip,
meth-, ,roadside,road-side,finish,
metho-,,roadway,road-way,fire,
methoxy-,,rockfish,rock-fish,firefly,
methyl-,,rockhound,rock-hound,fireplace,
metr-,,rockslide,rock-slide,fireproof,
metro-,,roommate,room-mate,fireworks,
micr-,,rosebud,rose-bud,first,
micro-,,rosemary,rose-mary,fish,
micromicro-,,roughhouse,rough-house,fist,
micto-,,roughneck,rough-neck,fit,
mid-,,roundup,round-up,five,
milli-,,rowboat,row-boat,fix,
millimicro-,,runaway,run-away,fizz,
millimilli-,,runoff,run-off,flag,
mini-,,runway,run-way,flame,
mis-,,safeguard,safe-guard,flap,
miso-,,sailboat,sail-boat,flare,
mit-,,sailfish,sail-fish,flash,
mito-,,salesman,sales-man,flashlight,
mnemo-,,saleswoman,sales-woman,flat,
mon-,,saltshaker,salt-shaker,flavor,
Mongolo-,,saltwater,salt-water,flea,
mono-,,sandbar,sand-bar,flesh,
Moravo-,,sandbox,sand-box,flew,
morpho-,,sandman,sand-man,flies,
moto-,,sandpaper,sand-paper,flight,
muci-,,sandstorm,sand-storm,flip,
muco-,,saucepan,sauce-pan,float,
mucoso-,,sawdust,saw-dust,flock,
multi-,,sawhorse,saw-horse,flood,
musculo-,,sawmill,saw-mill,floor,
musico-,,scarecrow,scare-crow,flour,
my-,,scatterbrain,scatter-brain,flow,
myc-,,schoolhouse,school-house,flu,
myco-,,schoolroom,school-room,flunk,
myel-,,schoolteacher,school-teacher,flute,
myelo-,,scrapbook,scrap-book,fly,
mylo-,,screwdriver,screw-driver,foam,
myo-,,seabed,sea-bed,fog,
myria-,,seabird,sea-bird,foggy,
myring-,,seaboard,sea-board,fold,
myringo-,,seacoast,sea-coast,folks,
myrio-,,seafarer,sea-farer,follow,
myrmeco-,,seafood,sea-food,fond,
myso-,,seagoing,sea-going,food,
mytho-,,seagrass,sea-grass,fool,
myxo-,,seagull,sea-gull,foolish,
n-,,seahorse,sea-horse,foot,
N-,,seaplane,sea-plane,football,
nab-,,searchlight,search-light,footpath,
nal-,,seashell,sea-shell,footprint,
nano-,,seashore,sea-shore,footsteps,
naphtho-,,seasick,sea-sick,for,
narco-,,seaside,sea-side,force,
naso-,,seawall,sea-wall,forehead,
natr-,,seaway,sea-way,forest,
natro-,,seaweed,sea-weed,forever,
necro-,,seaworthy,sea-worthy,forget,
nega-,,secondhand,second-hand,forgetful,
nemat-,,seedpod,seed-pod,forgot,
nemato-,,setback,set-back,forgotten,
neo-,,sheepdog,sheep-dog,fork,
nepho-,,shellfish,shell-fish,form,
nephr-,,shipmate,ship-mate,fort,
nephro-,,shipshape,ship-shape,fortune,
nervo-,,shipwreck,ship-wreck,forty,
nether-,,shipyard,ship-yard,forward,
neur-,,shoehorn,shoe-horn,fought,
neuro-,,shoelace,shoe-lace,found,
neutro-,,shopkeeper,shop-keeper,fountain,
nevo-,,shoreline,shore-line,four,
new-,,shortbread,short-bread,fourteen,
nido-,,shortcake,short-cake,fourth,
nifur-,,shorthand,short-hand,fox,
Nigerio-,,shortstop,short-stop,frame,
nil-,,showman,show-man,freckles,
Nilo-,,showmanship,show-man-ship,free,
Niloto-,,showoff,show-off,freedom,
Nippo-,,shuffleboard,shuffle-board,freeze,
nitr-,,shutdown,shut-down,freight,
nitro-,,shuteye,shut-eye,fresh,
NN,,sideboard,side-board,friend,
nom-,,sidecar,side-car,friendship,
nomino-,,sidekick,side-kick,frighten,
nomo-,,sideline,side-line,frog,
non-,,sidestep,side-step,from,
nona-,,sidestroke,side-stroke,front,
nonadeca-,,sideswipe,side-swipe,frost,
nor-,,sidetrack,side-track,frown,
Normanno-,,sidewalk,side-walk,froze,
normo-,,sideways,side-ways,fruit,
Norvego-,,sightseeing,sight-seeing,fry,
noso-,,sightseer,sight-seer,fudge,
notho-,,signpost,sign-post,fuel,
noto-,,silkworm,silk-worm,full,
nucleo-,,silverware,silver-ware,fun,
numero-,,singsong,sing-song,funny,
nyct-,,skateboard,skate-board,fur,
nycto-,,skylight,sky-light,furniture,
nympho-,,skyline,sky-line,further,
O',,skyrocket,sky-rocket,gallon,
o-,,skyscraper,sky-scraper,gallop,
ob-,,skywriting,sky-writing,gamble,
occipit-,,slapstick,slap-stick,game,
occipito-,,slaughterhouse,slaughter-house,gang,
ochl-,,sledgehammer,sledge-hammer,gangster,
ochlo-,,sleepover,sleep-over,garage,
oct-,,sleepwalker,sleep-walker,garbage,
octa-,,sleepyhead,sleepy-head,garden,
octadeca-,,slingshot,sling-shot,gargle,
octakis-,,slipcover,slip-cover,gas,
octo-,,slipknot,slip-knot,gasoline,
oculo-,,slipshod,slip-shod,gate,
odo-,,smallpox,small-pox,gather,
odonto-,,smokestack,smoke-stack,gauge,
oeno-,,snapdragon,snap-dragon,gave,
�no-,,snapshot,snap-shot,gay,
oesophag-,,snowball,snow-ball,geese,
oesophago-,,snowboard,snow-board,general,
Of-,,snowbound,snow-bound,gentle,
off-,,snowdrift,snow-drift,gentleman,
oleo-,,snowdrop,snow-drop,gentlemen,
olfacto-,,snowfall,snow-fall,geography,
olig-,,snowflake,snow-flake,get,
oligo-,,snowman,snow-man,ghost,
olivo-,,snowplow,snow-plow,giant,
ombro-,,snowshoe,snow-shoe,gift,
omento-,,snowstorm,snow-storm,giggle,
omni-,,soapstone,soap-stone,gill,
omo-,,softball,soft-ball,giraffe,
omphal-,,software,soft-ware,girl,
omphalo-,,somebody,some-body,give,
on-,,someday,some-day,glad,
onco-,,somehow,some-how,gladness,
oneir-,,someone,some-one,glance,
oneiro-,,someplace,some-place,glare,
onomato-,,something,some-thing,glass,
onto-,,sometime,some-time,glassware,
onych-,,somewhat,some-what,glide,
onycho-,,somewhere,some-where,globe,
oo-,,songbird,song-bird,glory,
o�-,,soundproof,sound-proof,glove,
ophid-,,soundtrack,sound-track,glow,
ophio-,,southeast,south-east,glue,
ophthalmo-,,southwest,south-west,goal,
opistho-,,soybean,soy-bean,goat,
opsono-,,spacecraft,space-craft,gobble,
opto-,,spaceship,space-ship,godmother,
or-,,spacesuit,space-suit,gold,
orbito-,,spareribs,spare-ribs,golden,
organo-,,speakeasy,speakeasy,goldfish,
ornith-,,spellbound,spell-bound,golf,
ornitho-,,spoilsport,spoil-sport,gone,
oro-,,sportscast,sport-cast,good,
orth-,,sportscaster,sport-caster,good-by,
ortho-,,sportsman,sports-man,goodbye,
os-,,sportsmanship,sports-man-ship,goodies,
Osco-,,sportswoman,sports-woman,goodness,
osmio-,,sportswriter,sports-writer,goose,
osmo-,,spotlight,spot-light,got,
osseo-,,springboard,spring-board,gotten,
ossi-,,springtime,spring-time,government,
osteo-,,spyglass,spy-glass,gown,
ostreo-,,stagecoach,stage-coach,grab,
ot-,,staircase,stair-case,grace,
oto-,,stairway,stair-way,grade,
out-,,standby,stand-by,grain,
over-,,standoff,stand-off,grand,
ovi-,,standpipe,stand-pipe,grandchild,
ovo-,,standstill,stand-still,granddaughter,
ox-,,starboard,star-board,grandfather,
oxa-,,starfish,star-fish,grandma,
oxal-,,stargazer,star-gazer,grandmother,
oxalo-,,stargazing,star-gazing,grandpa,
oxaza-,,starlight,star-light,grandson,
oxi-,,starship,star-ship,grandstand,
oxo-,,startup,start-up,grape,
oxy-,,stateside,state-side,grapefruit,
p-,,statesman,states-man,grass,
P-,,stateswoman,states-woman,grasshopper,
pachy-,,steamboat,steam-boat,grave,
paedo-,,steamroller,steam-roller,gravel,
p�do-,,steamship,steam-ship,graveyard,
Pak-,,steeplechase,steeple-chase,gravy,
Pako-,,stepbrother,step-brother,gray,
palae-,,stepchild,step-child,graze,
pal�-,,stepdaughter,step-daughter,grease,
palaeo-,,stepfather,step-father,greasy,
pal�o-,,stepladder,step-ladder,great,
palato-,,stepmother,step-mother,greedy,
pale-,,stepparent,step-parent,green,
paleo-,,steppingstone,stepping-stone,greens,
pali-,,stepsister,step-sister,greet,
palin-,,stepson,step-son,grew,
palladio-,,stingray,sting-ray,grey,
pallado-,,stockbroker,stock-broker,greyhound,
palyno-,,stockholder,stock-holder,grill,
pan-,,stockpile,stock-pile,grin,
pancreat-,,stomachache,stomach-ache,grind,
pancreatico-,,stonewall,stone-wall,grip,
pancreato-,,stoneware,stone-ware,grizzly,
pano-,,stonework,stone-work,groan,
pant-,,stopwatch,stop-watch,grocery,
panta-,,storehouse,store-house,groom,
panto-,,storekeeper,store-keeper,ground,
papa-,,storyteller,story-teller,group,
papulo-,,storytelling,story-telling,grow,
Papuo-,,stowaway,stow-away,growl,
papyro-,,straightedge,straight-edge,grown-up,
para-,,straightforward,straight-forward,growth,
pari-,,strawberry,straw-berry,guard,
parieto-,,streamline,stream-line,guess,
parthen-,,streetcar,street-car,guest,
partheno-,,strongbox,strong-box,guide,
parvo-,,stronghold,strong-hold,guitar,
patello-,,suitcase,suit-case,gum,
path-,,summertime,summer-time,gun,
patho-,,sunbonnet,sun-bonnet,guy,
patr-,,sunburn,sun-burn,gym,
patri-,,sundial,sun-dial,h,
pauci-,,sundown,sun-down,habit,
pebi-,,sundress,sun-dress,had,
pedi-,,sunfish,sun-fish,hadn't,
pedo-,,sunflower,sun-flower,hail,
peg-,,sunglasses,sun-glasses,hair,
peloro-,,sunlight,sun-light,hairy,
pene-,,sunrise,sun-rise,half,
peno-,,sunset,sun-set,hall,
pent-,,sunshine,sun-shine,hallway,
penta-,,sunspot,sun-spot,ham,
pentadeca-,,sunstroke,sun-stroke,hamburger,
pentakis-,,sunup,sun-up,hammer,
pentaprismo-,,supercharge,super-charge,hamster,
penti-,,supercollider,super-collider,hand,
per-,,supercomputer,super-computer,handful,
perfluoro-,,superconductor,super-conductor,handkerchief,
peri-,,superfood,super-food,handle,
perineo-,,supergiant,super-giant,handmade,
perma-,,superglue,super-glue,handsome,
peroxy-,,superheavyweight,super-heavy-weight,handwriting,
Perso-,,superhero,super-hero,hang,
peta-,,superhighway,super-high-way,happen,
petro-,,superhuman,super-human,happiness,
phaco-,,superimpose,super-impose,happy,
phaeo-,,superman,super-man,harbor,
phago-,,supermarket,super-market,hard,
phako-,,supernatural,super-natural,hardware,
phallo-,,supernova,super-nova,harm,
pharma-,,supertanker,super-tanker,harmful,
pharmaco-,,superuser,super-user,harmless,
pharyngo-,,superwoman,super-woman,harness,
phen-,,surfboard,surf-board,harp,
pheno-,,swallowtail,swallow-tail,harvest,
pheo-,,sweatshirt,sweat-shirt,has,
phil-,,sweetheart,sweet-heart,hasn't,
philo-,,swimsuit,swim-suit,hat,
phlebo-,,swordfish,sword-fish,hatch,
phon-,,tablecloth,table-cloth,hatchet,
phono-,,tableland,table-land,hate,
phosph-,,tablespoon,table-spoon,haul,
phospha-,,tabletop,table-top,have,
phospho-,,tailback,tail-back,haven't,
phosphoro-,,tailspin,tail-spin,hawk,
phot-,,takeaway,take-away,hay,
photo-,,takeoff,take-off,he,
phragmo-,,takeout,take-out,he'll,
phren-,,takeover,take-over,head,
phreni-,,tapeworm,tape-worm,headache,
phrenico-,,tattletale,tattle-tale,headline,
phreno-,,taxicab,taxi-cab,headquarters,
phyco-,,teacake,tea-cake,heal,
phyllo-,,teacup,tea-cup,health,
phylo-,,teammate,team-mate,heap,
physi-,,teapot,tea-pot,hear,
physico-,,teardrop,tear-drop,heard,
physio-,,tearjerker,tear-jerker,heart,
phyto-,,tearoom,tea-room,heat,
pico-,,teashop,tea-shop,heaven,
picro-,,teaspoon,tea-spoon,heavy,
Picto-,,teatime,tea-time,heel,
piezo-,,telltale,tell-tale,height,
pilo-,,textbook,text-book,held,
pisci-,,thanksgiving,thanks-giving,helicopter,
pitheco-,,themselves,them-selves,hell,
placento-,,thighbone,thigh-bone,hello,
placo-,,thoroughbred,thorough-bred,helmet,
plagio-,,thoroughfare,thorough-fare,help,
planeto-,,threadbare,thread-bare,helpful,
plani-,,throughout,through-out,hen,
plano-,,thumbnail,thumb-nail,her,
plasto-,,thunderbolt,thunder-bolt,herd,
platini-,,thunderclap,thunder-clap,here,
platino-,,thundercloud,thunder-cloud,hero,
platinoso-,,thunderstorm,thunder-storm,herself,
platy-,,thunderstruck,thunder-struck,hi-fi,
pleio-,,tideland,tide-land,hid,
pleo-,,tightrope,tight-rope,hidden,
plesio-,,timecard,time-card,hide,
pleuro-,,timekeeper,time-keeper,hide-and-seek,
plumb-,,timeline,time-line,hideout,
plumbo-,,timeout,time-out,high,
pluri-,,timepiece,time-piece,highway,
plusquam-,,timescale,time-scale,hike,
pluto-,,timesheet,time-sheet,hill,
pluvio-,,timetable,time-table,hilly,
pneum-,,timeworn,time-worn,him,
pneumat-,,tiptoe,tip-toe,himself,
pneumato-,,toadstool,toad-stool,hint,
pneumo-,,today,to-day,hip,
pneumon-,,toenail,toe-nail,hippo,
pneumono-,,tombstone,tomb-stone,hire,
pod-,,tomcat,tom-cat,his,
podo-,,toolbox,tool-box,history,
poecilo-,,toothbrush,tooth-brush,hit,
p�cilo-,,toothpaste,tooth-paste,hitch,
pogono-,,toothpick,tooth-pick,hive,
poikilo-,,topcoat,top-coat,ho,
Pok�-,,topflight,top-flight,hobble,
politico-,,topknot,top-knot,hobby,
Polono-,,topsail,top-sail,hockey,
poly-,,topside,top-side,hoe,
polydeoxy-,,topsoil,top-soil,hold,
polydeoxyribo-,,topspin,top-spin,holdup,
polymorpho-,,topstitch,top-stitch,hole,
polyribo-,,touchdown,touch-down,holiday,
porn-,,trademark,trade-mark,hollow,
porno-,,tradeoff,trade-off,holster,
poro-,,tradesman,trades-man,holy,
porta-,,tradeswoman,trades-woman,home,
porto-,,treadmill,tread-mill,homerun,
poseido-,,treetop,tree-top,homesick,
post-,,triggerfish,trigger-fish,homework,
posterio-,,troublemaker,trouble-maker,honest,
postero-,,trustworthy,trust-worthy,honey,
potam-,,tryout,try-out,honeybee,
potamo-,,tugboat,tug-boat,honk,
potassio-,,tumbledown,tumble-down,honor,
prae-,,tumbleweed,tumble-weed,hood,
pr�-,,turncoat,turn-coat,hoof,
praeter-,,turnout,turn-out,hook,
pr�ter-,,turnover,turn-over,hoot,
praseo-,,turnpike,turn-pike,hop,
pre-,,turnstile,turn-stile,hope,
pred-,,turtleneck,turtle-neck,hopscotch,
prepro-,,typeface,type-face,horn,
presby-,,typewriter,type-writer,horse,
presbyo-,,underachiever,under-achiever,hose,
preter-,,underarm,under-arm,hospital,
pristanoyl-,,underclothing,under-clothing,hot,
pro-,,undercook,under-cook,hotdog,
proct-,,undercover,under-cover,hotel,
procto-,,undercut,under-cut,hound,
prop-,,underdog,under-dog,hour,
prosop-,,underdone,under-done,house,
prosopo-,,undergo,under-go,housekeeper,
prot-,,underground,under-ground,housewife,
proteo-,,undergrowth,under-growth,how,
protero-,,underhand,under-hand,howl,
proto-,,undersea,under-sea,hug,
proximo-,,undershirt,under-shirt,huge,
Prusso-,,understand,under-stand,hum,
psammo-,,understated,under-stated,human,
pseph-,,undertake,under-take,hump,
psepho-,,undertaker,under-taker,hundred,
pseud-,,undervalue,under-value,hung,
pseudo-,,underwater,under-water,hunger,
psych-,,underwear,under-wear,hungry,
psycho-,,underweight,under-weight,hunk,
psychoto-,,underworld,under-world,hunt,
psychro-,,upbeat,up-beat,hurricane,
pterid-,,upbringing,up-bringing,hurry,
pterido-,,upcoming,up-coming,hurt,
ptero-,,update,up-date,husband,
pteryg-,,updraft,up-draft,hush,
pterygo-,,upgrade,up-grade,hut,
ptilo-,,uphill,up-hill,hymn,
pubo-,,uphold,up-hold,ice,
pur-,,upkeep,up-keep,iceberg,
purpureo-,,uplift,up-lift,icy,
py-,,upload,up-load,idea,
pycno-,,upon,upon,if,
pyelo-,,uppermost,upper-most,igloo,
pygo-,,upright,up-right,imagine,
pykno-,,uprising,up-rising,important,
pyloro-,,uproar,up-roar,impossible,
pyo-,,uproot,up-root,improve,
pyr-,,upset,up-set,in,
pyro-,,upstage,up-stage,inch,
pyrrh-,,upstairs,up-stairs,indeed,
pyrrolidino-,,upstanding,up-standing,indoors,
p?-,,upstart,up-start,industry,
qu-,,upstate,up-state,ink,
quad-,,upstream,up-stream,inn,
quadr-,,upswing,up-swing,insect,
quadri-,,uptake,up-take,inside,
quadro-,,uptown,up-town,inspection,
quadru-,,upturn,up-turn,instead,
quarter-,,upward,up-ward,intend,
quasi-,,upwelling,up-welling,interest,
qubi-,,upwind,up-wind,into,
quebi-,,username,user-name,introduce,
quecca-,,viewpoint,view-point,invent,
quecto-,,vineyard,vine-yard,inventor,
quetta-,,volleyball,volley-ball,invite,
quin-,,voltmeter,volt-meter,iron,
quinqu-,,waistcoat,waist-coat,is,
quinque-,,waistline,waist-line,island,
Qurano-,,walkingstick,walking-stick,isn't,
QV,,walkout,walk-out,ivory,
rac-,,walkway,walk-way,ivy,
race-,,wallflower,wall-flower,jack,
rachi-,,wallpaper,wall-paper,jack-o-lantern,
racio-,,wardrobe,wardrobe,jacket,
radio-,,warehouse,ware-house,jackpot,
rage-,,warfare,war-fare,jacks,
re-,,warmup,warm-up,jail,
rect-,,warpath,war-path,jam,
recti-,,warship,war-ship,janitor,
recto-,,washcloth,wash-cloth,jar,
regio-,,washstand,wash-stand,jaw,
religio-,,wasteland,waste-land,jawbone,
reno-,,watchdog,watch-dog,jay,
rept-,,waterbed,water-bed,jaywalker,
respiro-,,watercolor,water-color,jazz,
reticulo-,,watercress,water-cress,jeans,
retino-,,waterfall,water-fall,jeep,
retro-,,waterfowl,water-fowl,jelly,
rhabd-,,waterfront,water-front,jerk,
rhabdo-,,watermelon,water-melon,jet,
Rhaeto-,,waterproof,water-proof,jewel,
Rh�to-,,watershed,water-shed,jewelry,
rhamno-,,waterspout,water-spout,jig,
rheo-,,watertight,water-tight,join,
rhin-,,waterway,water-way,joke,
rhino-,,waterworks,water-works,jolly,
rhiz-,,wavelength,wave-length,jot,
rhizo-,,wayside,way-side,journey,
rhodo-,,weatherman,weather-man,joy,
rhombi-,,weatherproof,weather-proof,joyful,
rhyncho-,,weatherwoman,weather-woman,judge,
ribo-,,website,web-site,jug,
rifa-,,weekday,week-day,juice,
robi-,,weekend,week-end,juicy,
robo-,,weightlifter,weight-lifter,jump,
Romano-,,weightlifting,weight-lifting,jungle,
ronna-,,well-wetland,well-wet-land,junk,
ronto-,,wetsuit,wet-suit,just,
rostro-,,whatever,whatever,kangaroo,
roto-,,whatsoever,what-so-ever,keep,
Ruando-,,wheelbarrow,wheel-bar-row,kept,
rufo-,,wheelchair,wheel-chair,ketchup,
Russo-,,whenever,when-ever,kettle,
ruthenio-,,whereas,where-as,key,
rutheno-,,whereby,where-by,kick,
s-,,whereupon,where-upon,kid,
saccharo-,,wherewith,where-with,kidnap,
sacculo-,,wherewithal,where-withal,kill,
sacr-,,whichever,which-ever,kind,
sacro-,,whirlpool,whirl-pool,kindergarten,
Saharo-,,whirlwind,whirl-wind,kindness,
Sahelo-,,whitefish,white-fish,king,
saint,,whitewall,white-wall,kiss,
sal-,,whitewash,white-wash,kit,
salazo-,,whoever,who-ever,kitchen,
salping-,,wholehearted,whole-hearted,kite,
salpingo-,,wholesale,whole-sale,kitten,
sangui-,,whomever,whom-ever,kitty,
sapo-,,widescreen,wide-screen,knee,
sapon-,,widespread,wide-spread,kneel,
sapr-,,wildcat,wild-cat,knew,
sapro-,,wildfire,wild-fire,knife,
sarc-,,wildflower,wild-flower,knight,
sarco-,,wildlife,wild-life,knit,
sauro-,,windbreaker,wind-breaker,knives,
Saxo-,,windfall,wind-fall,knob,
Scando-,,windmill,wind-mill,knock,
scapho-,,windowpane,window-pane,know,
scapulo-,,windowsill,window-sill,known,
scato-,,windpipe,wind-pipe,lace,
sch-,,windshield,wind-shield,lad,
schiz-,,windsock,wind-sock,ladder,
schizo-,,windstorm,wind-storm,lady,
schm-,,windswept,wind-swept,laid,
scientifico-,,windward,wind-ward,lake,
sclero-,,wingspan,wing-span,lamb,
scopol-,,wingspread,wing-spread,lame,
scoto-,,wintertime,winter-time,lamp,
Scoto-,,wiretap,wire-tap,land,
Scotto-,,wisecrack,wise-crack,lane,
scroto-,,wishbone,wish-bone,language,
Scytho-,,witchcraft,witch-craft,lantern,
sec-,,withdraw,with-draw,lap,
seismo-,,withhold,with-hold,large,
selen-,,within,with-in,last,
selenio-,,without,with-out,late,
seleno-,,withstand,with-stand,laugh,
self-,,wolfhound,wolf-hound,laundry,
semanto-,,wolfsbane,wolf-s-bane,law,
semi-,,wonderland,wonder-land,lawn,
semio-,,woodchuck,wood-chuck,lawyer,
semper-,,woodcutter,wood-cutter,lay,
sept-,,woodland,wood-land,lazy,
septa-,,woodpecker,wood-pecker,lead,
septi-,,woodsman,woods-man,leaf,
septo-,,woodwork,wood-work,leak,
septua-,,workbook,work-book,lean,
Serbo-,,workday,work-day,leap,
sero-,,workhorse,work-horse,learn,
sesqui-,,workman,work-man,leather,
sex-,,workout,work-out,leave,
sexa-,,workplace,work-place,leaves,
sexuo-,,workroom,work-room,led,
sh-,,workshop,work-shop,left,
she-,,workstation,work-station,leg,
shm-,,worktable,work-table,lemon,
sialo-,,worldwide,world-wide,lemonade,
Siamo-,,worthwhile,worth-while,lend,
Siculo-,,wristwatch,wrist-watch,length,
sidero-,,wrongdoing,wrong-doing,lens,
silici-,,yachtsman,yacht-s-man,leopard,
silico-,,yachtswoman,yacht-s-woman,less,
simio-,,yardarm,yard-arm,lesson,
sinistro-,,yardstick,yard-stick,let,
Sino-,,yearbook,year-book,letter,
sino-,,yellowtail,yellow-tail,lettuce,
siphono-,,yourself,your-self,level,
sito-,,zigzag,zig-zag,liar,
skeleto-,,zookeeper,zoo-keeper,liberty,
skoto-,,,,librarian,
Slavo-,,,,library,
Slovako-,,,,lick,
Sloveno-,,,,lid,
socio-,,,,lie,
sodio-,,life,
soleno-,,lifeboat,
somato-,,lifeguard,
somno-,,lift,
sono-,,light,
spatio-,,lighthouse,
spectro-,,lightness,
speleo-,,lightning,
spermato-,,like,
sphen-,,lily,
spheno-,,limb,
spherico-,,lime,
sphero-,,line,
sphinctero-,,linen,
sphygm-,,lion,
sphygmo-,,lip,
spino-,,lipstick,
spiro-,,liquor,
splanchno-,,list,
spleno-,,listen,
spondyl-,,litterbug,
spondylo-,,little,
spongo-,,live,
spor-,,liver,
spori-,,lizard,
sporo-,,load,
squamo-,,loaf,
stann-,,loan,
stanno-,,loaves,
stannoso-,,lobster,
staphylo-,,lock,
stato-,,log,
stauro-,,lollipop,
steato-,,lone,
stello-,,lonesome,
steno-,,long,
step-,,look,
stereo-,,loop,
stern-,,loose,
sterno-,,lord,
steth-,,lose,
stetho-,,loss,
stib-,,lost,
stibio-,,lot,
stibo-,,lotion,
sticho-,,loud,
stomato-,,loudspeaker,
strato-,,love,
strepto-,,low,
striato-,,lower,
stygo-,,luck,
stylo-,,lucky,
sub-,,luggage,
succin-,,lullaby,
sucr-,,lumber,
sucro-,,lump,
Sudano-,,lunch,
Sueco-,,lung,
sulf-,,luxury,
sulfa-,,lying,
sulfo-,,ma,
sulfonio-,,macaroni,
sulph-,,machine,
sulpha-,,mad,
sulpho-,,made,
sulphonio-,,magazine,
sulphureo-,,magic,
Sumero-,,magnet,
super-,,maid,
supero-,,mail,
supra-,,mailman,
sur-,,major,
sursum-,,majorette,
Swedo-,,make,
syl-,,make-believe,
sym-,,male,
symmetro-,,mama,
sympatho-,,man,
syn-,,manager,
synapto-,,mane,
synchro-,,mange,
syphilo-,,manners,
syringo-,,many,
Syro-,,map,
T,,maple,
T,,marble,
t-,,march,
T-,,mark,
tachi-,,market,
tacho-,,marriage,
tachy-,,marry,
Tagalo-,,marvelous,
talo-,,mash,
tapho-,,mask,
tars-,,master,
tarso-,,match,
tartro-,,mate,
Tataro-,,matter,
taut-,,mattress,
tauto-,,may,
tax-,,maybe,
taxi-,,mayor,
taxo-,,me,
tebi-,,meadow,
techni-,,meal,
techno-,,mean,
tecn-,,meaning,
tecno-,,measure,
tecto-,,meat,
tectono-,,medicine,
tekn-,,meet,
tele-,,melon,
teleio-,,melt,
teleo-,,member,
tellur-,,memorize,
telluri-,,memory,
telluro-,,men,
telo-,,mend,
temporo-,,mention,
tendo-,,menu,
teno-,,meow,
tephro-,,merchant,
ter-,,mermaid,
tera-,,merry,
terato-,,merry-go-round,
tert-,,mess,
tessara-,,message,
testiculo-,,messenger,
tetr-,,met,
tetra-,,metal,
tetracosa-,,meter,
tetradeca-,,mice,
tetrakaideca-,,microphone,
tetrakaideka-,,middle,
tetrakis-,,midget,
Teuto-,,midnight,
Teutono-,,midsummer,
th-,,might,
thalamo-,,mighty,
thalass-,,mile,
thalasso-,,milk,
thanato-,,milkshake,
thaumat-,,mill,
thaumato-,,million,
the-,,millionaire,
theo-,,mind,
theri-,,mine,
therio-,,miner,
therm-,,minister,
thermo-,,mink,
thero-,,minnow,
thi-,,mint,
thia-,,minute,
thigmo-,,miracle,
thio-,,mirror,
thoraco-,,misery,
Thraco-,,mislay,
thre-,,misplace,
threo-,,misprint,
thromb-,,miss,
thrombo-,,missile,
thymo-,,misspell,
thyr-,,mist,
thyreo-,,mistake,
thyro-,,mister,
Tibeto-,,misty,
tibio-,,mitt,
titano-,,mitten,
to-,,mix,
toco-,,mixture,
toko-,,mob,
tomo-,,model,
tono-,,modern,
tonsillo-,,moist,
topo-,,moisture,
Tosco-,,mom,
tox-,,moment,
toxi-,,money,
toxico-,,monkey,
toxo-,,monster,
trachel-,,month,
trachelo-,,moo,
tracheo-,,moon,
trans-,,moonlight,
tri-,,moose,
tribo-,,mop,
tricho-,,more,
trideca-,,morning,
trihydro-,,most,
tris-,,motel,
triskaideca-,,moth,
triskaideka-,,mother,
trit-,,motion,
trito-,,motor,
trocho-,,motorcycle,
trop-,,mountain,
tropho-,,mouse,
tropo-,,mouth,
tru-,,movable,
trypano-,,move,
tubo-,,moveable,
tubul-,,movie,
tubulo-,,much,
tungsto-,,mud,
turbo-,,muffin,
Turco-,,mule,
Turkmeno-,,multiplication,
Turko-,,multiply,
twi-,,mumps,
tympan-,,murder,
tympano-,,museum,
typhl-,,mush,
typhlo-,,mushroom,
tyranno-,,music,
tyro-,,musical,
uber-,,musician,
�ber-,,must,
udi-,,mustard,
Ugando-,,mustn't,
Ugro-,,my,
Ukraino-,,myself,
Ukro-,,mystery,
ulcero-,,nail,
ulno-,,name,
ultra-,,nap,
um-,,napkin,
umb-,,narrow,
umbe-,,nasty,
umbilic-,,nation,
umbilico-,,nature,
Umbro-,,naughty,
un-,,navy,
undeca-,,near,
under-,,nearby,
uni-,,neat,
up-,,neatness,
ur-,,necessary,
Uralo-,,neck,
uran-,,necklace,
urano-,,necktie,
uranoso-,,need,
ureido-,,needle,
ureo-,,needn't,
uretero-,,negro,
urethr-,,neighbor,
urethro-,,neighborhood,
urino-,,neither,
uro-,,nerve,
utero-,,nest,
Uto-,,net,
utriculo-,,never,
uveo-,,new,
uvul-,,newborn,
uvulo-,,newcomer,
Uzbeco-,,news,
V-,,newscast,
vacci-,,newspaper,
vagino-,,next,
vago-,,nibble,
valero-,,nice,
vari-,,nickel,
varic-,,nickname,
varico-,,night,
vas-,,nightfall,
vasculo-,,nightmare,
vaso-,,nighttime,
vegeto-,,nine,
velo-,,nineteen,
ven-,,ninety,
veni-,,ninth,
veno-,,nipple,
ventri-,,nobody,
ventriculo-,,nod,
ventro-,,noise,
vermi-,,none,
vertebro-,,noodle,
vesico-,,noon,
vesiculo-,,normal,
vestibulo-,,north,
vexillo-,,northern,
vibro-,,nose,
vice-,,not,
video-,,note,
vigen-,,nothing,
viginti-,,notice,
vin-,,now,
viri-,,nowhere,
viro-,,number,
viscero-,,nurse,
visco-,,nursery,
visuo-,,nut,
vitello-,,o'clock,
vitreo-,,oak,
vulvo-,,oar,
wan-,,oatmeal,
war-,,oats,
were-,,obey,
where-,,ocean,
with-,,octopus,
wither-,,odd,
Wo,,of,
x-,,off,
X.,,offer,
xanth-,,office,
xantho-,,often,
xen-,,oh,
xenna-,,oil,
xenno-,,okay,
xeno-,,old,
xer-,,on,
xeri-,,once,
xero-,,one,
xipho-,,one-fourth,
XP,,one-way,
xyl-,,oneself,
xylo-,,onion,
xyr-,,only,
xyro-,,onward,
y-,,onwards,
yester-,,open,
yobi-,,operator,
yocto-,,opossum,
yotta-,,or,
yttro-,,orange,
Yugo-,,orbit,
z-,,orchard,
zebi-,,order,
zeno-,,ordinary,
zepto-,,organ,
zetta-,,orphan,
zinco-,,ostrich,
zirco-,,other,
zo-,,ouch,
zono-,,ought,
zoo-,,ounce,
zo�-,,our,
zyg-,,ourselves,
zygo-,,out,
zygomatico-,,outdoors,
zym-,,outer,
zymo-,,outlaw,
?-,,outline,
?-,,outside,
,,oven,
,,over,
,,overalls,
,,overboard,
,,overcoat,
,,overdo,
,,overdone,
,,overeat,
,,overflow,
,,overhead,
,,overnight,
,,overseas,
,,overtime,
,,overweight,
,,owe,
,,owl,
,,own,
,,pack,
,,package,
,,pad,
,,page,
,,paid,
,,pail,
,,pain,
,,painful,
,,paint,
,,pair,
,,pajamas,
,,pal,
,,palace,
,,pale,
,,pan,
,,pancake,
,,panda,
,,pants,
,,papa,
,,paper,
,,parade,
,,pardon,
,,parent,
,,park,
,,parrot,
,,part,
,,partner,
,,partnership,
,,party,
,,pass,
,,passenger,
,,password,
,,past,
,,paste,
,,pasture,
,,pat,
,,patch,
,,path,
,,pave,
,,paw,
,,pay,
,,payment,
,,pea,
,,peace,
,,peaceful,
,,peach,
,,peacock,
,,peak,
,,peanut,
,,pear,
,,pearl,
,,pecan,
,,peck,
,,peek,
,,peel,
,,peep,
,,peg,
,,pen,
,,pencil,
,,penguin,
,,penny,
,,people,
,,pep,
,,pepper,
,,peppermint,
,,peppy,
,,perfume,
,,perhaps,
,,period,
,,permit,
,,person,
,,personal,
,,pest,
,,pet,
,,phone,
,,phonograph,
,,photo,
,,photograph,
,,piano,
,,pick,
,,pickle,
,,picnic,
,,picture,
,,pie,
,,piece,
,,pig,
,,pigeon,
,,pile,
,,pilgrim,
,,pill,
,,pillow,
,,pilot,
,,pimple,
,,pin,
,,pine,
,,pineapple,
,,ping-pong,
,,pink,
,,pint,
,,pioneer,
,,pipe,
,,pistol,
,,pit,
,,pitch,
,,pitcher,
,,pitiful,
,,pity,
,,pizza,
,,place,
,,plain,
,,plan,
,,plane,
,,planet,
,,plant,
,,plantation,
,,plaster,
,,plate,
,,play,
,,playful,
,,playground,
,,playhouse,
,,playmate,
,,plaything,
,,pleasant,
,,please,
,,pleasure,
,,plenty,
,,plow,
,,plug,
,,plum,
,,plumber,
,,plus,
,,pocket,
,,pocketbook,
,,poem,
,,point,
,,poison,
,,poke,
,,pole,
,,police,
,,policeman,
,,polite,
,,pond,
,,pony,
,,poodle,
,,pool,
,,poor,
,,pop,
,,popcorn,
,,poppy,
,,porch,
,,pork,
,,pose,
,,possible,
,,post,
,,postage,
,,postman,
,,postmark,
,,postpone,
,,pot,
,,potato,
,,potatoes,
,,pottery,
,,pound,
,,pour,
,,powder,
,,power,
,,powerful,
,,prairie,
,,praise,
,,pray,
,,prayer,
,,prepare,
,,present,
,,preserver,
,,president,
,,press,
,,pretend,
,,pretty,
,,prevent,
,,price,
,,primary,
,,prince,
,,princess,
,,print,
,,prison,
,,private,
,,prize,
,,problem,
,,program,
,,promise,
,,promote,
,,proof,
,,property,
,,protect,
,,proud,
,,prove,
,,prune,
,,public,
,,puddle,
,,puff,
,,pull,
,,pump,
,,pumpkin,
,,punch,
,,punish,
,,pup,
,,pupil,
,,puppet,
,,puppy,
,,pure,
,,purple,
,,purse,
,,push,
,,puss,
,,pussy,
,,put,
,,puzzle,
,,quack,
,,quarrel,
,,quart,
,,quarter,
,,quarterback,
,,queen,
,,queer,
,,question,
,,quick,
,,quickly,
,,quiet,
,,quilt,
,,quit,
,,quite,
,,rabbit,
,,raccoon,
,,race,
,,rack,
,,radio,
,,radish,
,,rag,
,,rail,
,,railroad,
,,rain,
,,rainbow,
,,raindrop,
,,rainy,
,,raise,
,,raisin,
,,rake,
,,ram,
,,ran,
,,ranch,
,,rang,
,,range,
,,rascal,
,,rat,
,,rate,
,,rather,
,,rattle,
,,rattlesnake,
,,raw,
,,ray,
,,rayon,
,,razor,
,,reach,
,,read,
,,ready,
,,real,
,,really,
,,rear,
,,reason,
,,rebuild,
,,receive,
,,recess,
,,record,
,,red,
,,redbird,
,,redbreast,
,,reflect,
,,refresh,
,,refreshment,
,,refrigerator,
,,refuse,
,,register,
,,reindeer,
,,rejoice,
,,rejoin,
,,related,
,,religion,
,,remain,
,,remember,
,,remind,
,,remove,
,,rent,
,,repair,
,,repay,
,,repeat,
,,report,
,,respect,
,,rest,
,,restaurant,
,,restroom,
,,retire,
,,return,
,,review,
,,reward,
,,rhyme,
,,rib,
,,ribbon,
,,rice,
,,rich,
,,rid,
,,riddle,
,,ride,
,,right,
,,rim,
,,ring,
,,rip,
,,ripe,
,,rise,
,,river,
,,road,
,,roar,
,,roast,
,,rob,
,,robber,
,,robbery,
,,robe,
,,robin,
,,rock,
,,rocket,
,,rocky,
,,rode,
,,roll,
,,roller,
,,romance,
,,roof,
,,room,
,,rooster,
,,root,
,,rope,
,,rose,
,,rot,
,,rotten,
,,rough,
,,round,
,,route,
,,row,
,,rowboat,
,,royal,
,,rub,
,,rubber,
,,rug,
,,rule,
,,run,
,,rung,
,,rush,
,,rust,
,,rusty,
,,sack,
,,sad,
,,saddle,
,,sadness,
,,safe,
,,safety,
,,said,
,,sail,
,,sailboat,
,,sailor,
,,saint,
,,salad,
,,sale,
,,salt,
,,same,
,,sample,
,,sand,
,,sandwich,
,,sandy,
,,sang,
,,sank,
,,sap,
,,sat,
,,satisfactory,
,,sauce,
,,saucer,
,,sausage,
,,save,
,,savings,
,,saw,
,,sawdust,
,,say,
,,scab,
,,scale,
,,scalp,
,,scamper,
,,scare,
,,scarecrow,
,,scarf,
,,scary,
,,scatter,
,,school,
,,schoolboy,
,,schoolgirl,
,,science,
,,scissors,
,,scoop,
,,scooter,
,,score,
,,scout,
,,scrap,
,,scratch,
,,scream,
,,screen,
,,screw,
,,scrub,
,,sea,
,,seal,
,,seam,
,,search,
,,seashore,
,,season,
,,seat,
,,second,
,,secret,
,,see,
,,seed,
,,seem,
,,seen,
,,seesaw,
,,selection,
,,self,
,,selfish,
,,sell,
,,selves,
,,send,
,,sense,
,,sensible,
,,sent,
,,sentence,
,,separate,
,,servant,
,,serve,
,,service,
,,set,
,,settle,
,,seven,
,,seventeen,
,,seventh,
,,seventy,
,,several,
,,sew,
,,shade,
,,shadow,
,,shady,
,,shake,
,,shall,
,,shame,
,,shampoo,
,,shape,
,,share,
,,sharp,
,,shave,
,,she,
,,she'd,
,,she'll,
,,sheep,
,,sheet,
,,shelf,
,,shell,
,,shelves,
,,shepherd,
,,shine,
,,shiny,
,,ship,
,,shipment,
,,shirt,
,,shock,
,,shoe,
,,shoemaker,
,,shook,
,,shoot,
,,shop,
,,shore,
,,short,
,,shortness,
,,shot,
,,should,
,,shoulder,
,,shouldn't,
,,shout,
,,shove,
,,shovel,
,,show,
,,shower,
,,shown,
,,shut,
,,shutter,
,,shy,
,,sick,
,,sickness,
,,side,
,,sidewalk,
,,sigh,
,,sight,
,,sign,
,,silence,
,,silent,
,,silk,
,,sill,
,,silly,
,,silver,
,,simple,
,,sin,
,,since,
,,sing,
,,single,
,,sink,
,,sip,
,,sister,
,,sit,
,,six,
,,sixteen,
,,sixth,
,,sixty,
,,size,
,,skate,
,,ski,
,,skin,
,,skip,
,,skirt,
,,skunk,
,,sky,
,,skyscraper,
,,slam,
,,slap,
,,slave,
,,sled,
,,sleep,
,,sleepy,
,,sleeve,
,,sleigh,
,,slept,
,,slice,
,,slid,
,,slide,
,,slim,
,,slip,
,,slipper,
,,slippery,
,,slosh,
,,slow,
,,slowly,
,,sly,
,,small,
,,smart,
,,smash,
,,smell,
,,smile,
,,smog,
,,smoke,
,,smoky,
,,smooth,
,,snack,
,,snail,
,,snake,
,,snap,
,,sneeze,
,,sniff,
,,snow,
,,snowball,
,,snowflake,
,,snowy,
,,snug,
,,soak,
,,soap,
,,social,
,,sock,
,,soda,
,,sofa,
,,soft,
,,softball,
,,soil,
,,sold,
,,soldier,
,,solid,
,,solve,
,,some,
,,somebody,
,,someone,
,,something,
,,sometime,
,,somewhere,
,,son,
,,song,
,,soon,
,,sore,
,,sorrow,
,,sorry,
,,sort,
,,soul,
,,sound,
,,soup,
,,sour,
,,south,
,,southern,
,,space,
,,spaceship,
,,spade,
,,spaghetti,
,,spank,
,,spark,
,,sparrow,
,,speak,
,,spear,
,,special,
,,speck,
,,speech,
,,speed,
,,speedometer,
,,spell,
,,spend,
,,spice,
,,spider,
,,spill,
,,spin,
,,spirit,
,,spit,
,,splash,
,,split,
,,spoil,
,,spoke,
,,sponge,
,,spook,
,,spooky,
,,spool,
,,spoon,
,,sport,
,,spot,
,,sprain,
,,spray,
,,spread,
,,spring,
,,sprinkle,
,,spy,
,,square,
,,squash,
,,squeak,
,,squeaky,
,,squeal,
,,squeeze,
,,squirrel,
,,stab,
,,stable,
,,stack,
,,stage,
,,stair,
,,stale,
,,stalk,
,,stamp,
,,stand,
,,star,
,,starch,
,,stare,
,,start,
,,starve,
,,state,
,,states,
,,station,
,,statue,
,,stay,
,,steak,
,,steal,
,,steam,
,,steel,
,,steep,
,,steeple,
,,steer,
,,step,
,,stepfather,
,,stepmother,
,,stereo,
,,stew,
,,stick,
,,sticky,
,,stiff,
,,still,
,,sting,
,,stink,
,,stir,
,,stitch,
,,stock,
,,stocking,
,,stole,
,,stolen,
,,stomach,
,,stone,
,,stood,
,,stool,
,,stoop,
,,stop,
,,stoplight,
,,store,
,,storeroom,
,,stork,
,,storm,
,,stormy,
,,story,
,,storyteller,
,,stove,
,,straight,
,,straighten,
,,strange,
,,strap,
,,straw,
,,strawberry,
,,stream,
,,street,
,,strength,
,,stretch,
,,strike,
,,string,
,,strip,
,,stripe,
,,strong,
,,stuck,
,,student,
,,studio,
,,study,
,,stuff,
,,stumble,
,,stung,
,,stunt,
,,style,
,,subject,
,,submarine,
,,subtract,
,,subtraction,
,,such,
,,suck,
,,sudden,
,,suddenly,
,,suffer,
,,sugar,
,,suit,
,,sum,
,,summer,
,,sun,
,,sunbeam,
,,sunburn,
,,sundown,
,,sunflower,
,,sung,
,,sunk,
,,sunken,
,,sunlight,
,,sunrise,
,,sunset,
,,sunshine,
,,supper,
,,suppose,
,,sure,
,,surface,
,,surfboard,
,,surgeon,
,,surprise,
,,surround,
,,surroundings,
,,suspect,
,,swallow,
,,swam,
,,swamp,
,,swan,
,,swear,
,,sweat,
,,sweater,
,,sweep,
,,sweepstakes,
,,sweet,
,,sweeten,
,,sweetheart,
,,sweetness,
,,swell,
,,swept,
,,swift,
,,swim,
,,swing,
,,switch,
,,sword,
,,syllable,
,,table,
,,tablespoon,
,,tablet,
,,tack,
,,taffy,
,,tail,
,,tailor,
,,take,
,,taken,
,,tale,
,,talk,
,,tall,
,,tame,
,,tan,
,,tangle,
,,tank,
,,tap,
,,tape,
,,tar,
,,taste,
,,tattle,
,,tattletale,
,,tattoo,
,,taught,
,,tax,
,,taxpayer,
,,tea,
,,teach,
,,teacher,
,,team,
,,teapot,
,,tear,
,,tease,
,,teaspoon,
,,teeth,
,,telegram,
,,telephone,
,,telescope,
,,television,
,,tell,
,,temper,
,,temperature,
,,ten,
,,tend,
,,tender,
,,tennis,
,,tent,
,,tenth,
,,term,
,,terrible,
,,test,
,,than,
,,thank,
,,thankful,
,,that,
,,that's,
,,the,
,,theater,
,,their,
,,them,
,,then,
,,there,
,,there's,
,,thermometer,
,,these,
,,they,
,,they'd,
,,they'll,
,,they're,
,,they've,
,,thick,
,,thief,
,,thin,
,,thing,
,,think,
,,third,
,,thirst,
,,thirsty,
,,thirteen,
,,thirty,
,,this,
,,thorn,
,,those,
,,thought,
,,thoughtful,
,,thoughtless,
,,thousand,
,,thread,
,,three,
,,threw,
,,throat,
,,throne,
,,through,
,,throw,
,,thrown,
,,thumb,
,,thunder,
,,tick,
,,tick-tock,
,,ticket,
,,tickle,
,,tiddlywinks,
,,tie,
,,tiger,
,,tight,
,,till,
,,timber,
,,time,
,,tin,
,,tinkle,
,,tiny,
,,tiptoe,
,,tire,
,,tissue,
,,title,
,,to,
,,toad,
,,toast,
,,tobacco,
,,today,
,,toe,
,,together,
,,toilet,
,,told,
,,tomato,
,,tomorrow,
,,ton,
,,tone,
,,tongue,
,,tonight,
,,too,
,,took,
,,tool,
,,tooth,
,,toothbrush,
,,toothpaste,
,,top,
,,tore,
,,torn,
,,tornado,
,,torpedo,
,,tortoise,
,,toss,
,,total,
,,touch,
,,toward,
,,towel,
,,town,
,,toy,
,,trace,
,,track,
,,tractor,
,,trade,
,,traffic,
,,trail,
,,train,
,,tramp,
,,trap,
,,trash,
,,travel,
,,tray,
,,treasure,
,,tree,
,,trespass,
,,trick,
,,tricycle,
,,trim,
,,trip,
,,trombone,
,,troop,
,,trophy,
,,trouble,
,,truck,
,,true,
,,truly,
,,trumpet,
,,trunk,
,,trust,
,,truth,
,,truthful,
,,try,
,,tub,
,,tube,
,,tug,
,,tulip,
,,tumble,
,,tune,
,,tunnel,
,,turkey,
,,turn,
,,turnip,
,,turtle,
,,twelve,
,,twenty,
,,twice,
,,twig,
,,twin,
,,twist,
,,two,
,,type,
,,typewriter,
,,ugly,
,,umbrella,
,,umpire,
,,uncle,
,,under,
,,underline,
,,undershirt,
,,understand,
,,underwear,
,,undress,
,,uneducated,
,,unemployed,
,,unfair,
,,unfasten,
,,unfinished,
,,unfold,
,,unfurnished,
,,unhappy,
,,uniform,
,,united,
,,unkind,
,,unknown,
,,unnecessary,
,,unsafe,
,,untie,
,,until,
,,untrue,
,,unwilling,
,,unwise,
,,unwrap,
,,up,
,,upon,
,,upper,
,,upset,
,,upside-down,
,,upstairs,
,,uptown,
,,upward,
,,us,
,,use,
,,useful,
,,usher,
,,vacant,
,,vacation,
,,valley,
,,valuable,
,,value,
,,vanish,
,,varnish,
,,vase,
,,vegetable,
,,velvet,
,,verse,
,,very,
,,vessel,
,,vest,
,,vice-president,
,,view,
,,village,
,,vine,
,,violet,
,,violin,
,,visit,
,,visitor,
,,vitamin,
,,voice,
,,volleyball,
,,vote,
,,waffle,
,,wag,
,,wagon,
,,waist,
,,wait,
,,waiter,
,,wake,
,,waken,
,,walk,
,,wall,
,,wallet,
,,walnut,
,,wander,
,,want,
,,war,
,,warm,
,,warmth,
,,warn,
,,wart,
,,was,
,,wash,
,,washer,
,,washroom,
,,wasn't,
,,wasp,
,,waste,
,,watch,
,,watchdog,
,,water,
,,waterfall,
,,watermelon,
,,waterproof,
,,wave,
,,wax,
,,way,
,,we,
,,we'll,
,,we're,
,,weak,
,,weaken,
,,weakness,
,,wealth,
,,weapon,
,,wear,
,,weather,
,,weave,
,,web,
,,wedding,
,,wee,
,,weed,
,,week,
,,weekdays,
,,weekend,
,,weep,
,,weigh,
,,weight,
,,welcome,
,,well,
,,went,
,,were,
,,weren't,
,,west,
,,western,
,,wet,
,,whale,
,,what,
,,wheat,
,,wheel,
,,wheelbarrow,
,,when,
,,where,
,,where's,
,,which,
,,while,
,,whip,
,,whirl,
,,whirlpool,
,,whirlwind,
,,whisker,
,,whisper,
,,whistle,
,,white,
,,whiteness,
,,who,
,,who's,
,,whole,
,,whom,
,,whooping,
,,whose,
,,why,
,,wicked,
,,wide,
,,wide-awake,
,,wife,
,,wigwam,
,,wild,
,,wildcat,
,,wildlife,
,,will,
,,willing,
,,willow,
,,win,
,,wind,
,,window,
,,windowpane,
,,windy,
,,wine,
,,wing,
,,wink,
,,winter,
,,wipe,
,,wire,
,,wise,
,,wish,
,,witch,
,,with,
,,without,
,,woke,
,,wolf,
,,wolves,
,,woman,
,,women,
,,won,
,,won't,
,,wonder,
,,wonderful,
,,wood,
,,woodchuck,
,,wooden,
,,woodpecker,
,,woods,
,,woof,
,,wool,
,,woolen,
,,word,
,,wore,
,,work,
,,workman,
,,world,
,,worm,
,,worn,
,,worry,
,,worse,
,,worst,
,,worth,
,,would,
,,wouldn't,
,,wound,
,,wrap,
,,wreck,
,,wren,
,,wrist,
,,write,
,,written,
,,wrong,
,,wrote,
,,x-mas,
,,x-ray,
,,yard,
,,yarn,
,,yawn,
,,year,
,,yell,
,,yellow,
,,yellowish,
,,yes,
,,yesterday,
,,yet,
,,yolk,
,,yonder,
,,you,
,,you'd,
,,you'll,
,,young,
,,youngster,
,,your,
,,yourself,
,,youth,
,,zebra,
,,zero,
,,zone,
,,zoo,
